,label,subject,content
0,1, 교회를 위하여 기도합시다.,"주님, 대림시기를 맞는 교회가 회개와 화해의 생활을 하며 저희에게  오실 아기 예수님을 기쁜 마음으로 맞이할 수 있도록 도와주소서."
1,2, 세계 평화를 위하여 기도합시다.,"주님, 온세상 사람들이 각자 자신 안에서 진정한 평화를 이루어  온갖 어려움과 고통을 이겨내고 서로 사랑을 나누며  세계 평화를 이루어갈 수 있도록 도와주소서."
2,3, 청소년을 위하여 기도합시다.,"주님, 유혹에 빠지기 쉬운 청소년들에게 지혜와 용기를 주시어  그들이 어떠한 환경에서도 희망을 잃지 않고  바른 뜻을 세워 성실히 살아가도록 도와주소서."
3,4, 세상을 떠난 사람들을 위하여 기도합시다.,"주님, 이 세상에서 주님을 믿고 따르다가 세상을 떠난 모든 이가  하늘나라에서 영원한 천상행복을 누리며 살아가게 하소서."
4,1, 성직자들을 위하여 기도합시다.,"주님, 주님께서 부르신 성직자들을 그리스도의 사랑으로 완전하게 하시어  그들이 주님 백성에게 살아있는 신앙을 전하게 하소서."
5,2, 세계 평화를 위하여 기도합시다.,"주님, 인류가 인간의 편리함을 위하여 만든 물질을 서로 파괴하고   위협하는 데 쓰지 않고 주님께서 창조하신 이 땅에서  사랑과 평화를 나누는 주님의 나라를 이루는 데 사용하게 하소서."
6,3, 온갖 질병으로 고통받는 사람들을 위하여 기도합시다.,"주님, 육체적 정신적 질병으로 고통받는 사람들을 위로하시어  그들이 자신의 고통을 잘 견디고 이겨낼 수 있도록  힘을 주소서."
7,4," 인권주일을 맞이하여, 억눌리고 짓밟힌 이들을 위하여 기도합시다.","주님, 사회의 부조리와 인간들의 이기심으로 희생된 이들이  다시 그들의 권리를 되찾아 떳떳하게 살아갈 수 있도록 도와주시고   마침내 이땅에 주님의 정의가 이루어지게 하소서."
8,1, 교회를 위하여 기도합시다.,"주님, 교회가 주님의 사랑을 간절히 바라는 모든 사람에게   참 생명의 양식을 올바로 전할 수 있도록 주님의 뜻대로 이끌어주소서."
9,2, 우리 나라 위정자들을 위하여 기도합시다.,"주님, 이 나라 위정자들이 권력과 부를 추구하기보다는   가난하고 힘없는 사람들을 위하여 봉사하게 하소서."
10,3," 자선주일을 맞이하여, 불우한 이웃을 위하여 기도합시다.","주님, 굶주리고 헐벗은 이들에게 주님께서 몸소 위로자가 되어주시고  저희도 그들에게 따뜻한 도움의 손길로 형제애를 전하게 하소서."
11,4, 우리 자신을 위하여 기도합시다.,"주님, 이기심에 가득 차, 가난하고 버림받은 이웃을 외면하는 저희가  진심으로 잘못을 뉘우치고 그들의 고통을 사랑으로 함께 나누게 하소서."
12,1, 교회를 위하여 기도합시다.,"주님, 어둠 속에서 빛을 기다리듯 주님께서 오시기를 간절히 바라는 교회 가 절망이 있는 곳에 희망을 어둠이 있는 곳에 빛을 밝히는 등불이 되게 하소서."
13,2, 사회 정의를 위하여 기도합시다.,"주님, 자유와 정의를 회복하기 위하여 일하는 사람들이  어떠한 상황에서도 굳은 믿음으로 자신들의 뜻을 이루어가게 하소서."
14,3, 부부들을 위하여 기도합시다.,"주님, 완전한 일치의 표징인 혼인성사로 축복받은 모든 부부가  서로 깊이 사랑하며 나날이 성숙한 사랑의 열매를 맺어가게 하소서."
15,4, 노동자들을 위하여 기도합시다.,"주님, 육체적인 일을 하며 생계를 이어가는 많은 노동자가 힘든 일과   어려운 여건 속에서도 좌절하지 않고 하느님께서 그들과 함께 하심을 깨 닫고 일하는 기쁨과 보람을 얻게 하소서."
16,1, 교회를 위하여 기도합시다.,"주님, 이 밤에 강생의 신비를 경축하는 모든 교회가 이 세상을 거룩하게 하는 도구로서 사명을 다하도록 교회에 밝은 빛을 비추소서."
17,2, 인류를 위하여 기도합시다.,"구세주의 탄생으로 온 세상 사람들에게 큰 기쁨을 주신 주님,  온 인류가 하나 되어 평화롭게 살아가며 언제나 즐거워하게 하소서."
18,3, 새 영세자들을 위하여 기도합시다.,"주님, 새로이 그리스도인이 된 사람들을 주님의 은총으로 감싸 주시어  변함없이 신앙생활을 할 수 있도록 도와주소서."
19,4, 가난한 사람들을 위하여 기도합시다.,"주님, 구세주께서 가난하게 오시어 구원을 시작하신 것처럼  가난한 이들도 자신들의 생활에서 구원의 빛을 보게 하소서."
20,1, 교회를 위하여 기도합시다.,"주님, 그리스도 안에서 저희가 모두 구원받을 수 있도록   구세주를 보내주셨으니 교회가 주님 사랑 안에 머무르면서  모든 사람에게 영원한 진리와 사랑을 드러내 보이게 하소서."
21,2, 우리 나라를 위하여 기도합시다.,"주님, 온갖 어려움 속에서도 꿋꿋이 살아온 선조들을 본받아  온 국민이 사심을 버리고 많은 사람의 이익을 위하여 일함으로써  이 나라가 참된 번영을 이루게 하소서."
22,3, 그리스도를 믿지 않은 사람들을 위하여 기도합시다.,"주님, 아직도 그리스도의 말씀을 믿지 않은 사람들이 많사오니  그들에게 하느님의 사랑을 찾는 마음을 불러일으켜 주시어  그들이 마음속 깊이 하느님을 찬미하게 하소서."
23,4, 버림받은 사람들을 위하여 기도합시다.,"주님, 사회와 이웃의 무관심으로 버려진 이들을 보살피시어  그들에게 영원한 희망을 주시고  그들 안에서 그리스도의 모습을 찾도록 저희를 깨우쳐주소서."
24,1, 교회를 위하여 기도합시다.,"주님, 구유에 누운 힘없는 아기의 모습으로 구세주를 보내주셨으니  교회가 가난하고 박해받는 사람들의 쉴 곳이 되게 하소서."
25,2, 가정을 위하여 기도합시다.,"주님, 모든 가정이 성가정을 본받아, 서로 사랑하며  주님께 대한 굳은 믿음으로 기뻐하며 살게 하소서."
26,3, 젊은이들을 위하여 기도합시다.,"주님, 젊은이들의 마음에 참된 희망과 거룩한 꿈을 심어주시어  그들이 주님의 뜻을 따라  언제나 활기차게 살아갈 수 있도록 도와주소서."
27,4, 우리 자신을 위하여 기도합시다.,"주님, 너무나 빠른 과학의 발달로 능률과 편리를 앞세우며 살아온 저희가  마음의 여유를 갖고 한 해를 마무리하면서 주님께 찬미와 감사를   드리게 하소서."
28,1, 교회를 위하여 기도합시다.,"주님, 사랑의 공동체인 교회가 성모 마리아를 본받아  사랑과 봉사의 정신으로 주님의 구원사업에 협력하게 하소서."
29,2, 세계 평화를 위하여 기도합시다.,"주님, 인류 공동체가 서로 존경하고 형제애를 실천함으로써  그리스도의 정의와 평화를 누리게 하소서."
30,3, 조상들을 위하여 기도합시다.,"주님, 이미 세상을 떠난 선조들이 이 세상에서 지은 모든 죄를 용서받고  성인들과 함께 하늘나라의 행복을 누리게 하소서."
31,4, 우리 자신을 위하여 기도합시다.,"주님, 저희에게 새해, 새날을 주심에 감사 드리며 기도하오니  저희 모두 하느님의 어머니이신 성 마리아를 본받아  주님의 자녀로서 충실히 살아가도록 도와주소서."
32,1, 교회를 위하여 기도합시다.,"주님, 주님께 믿음을 고백하는 교회가, 불신 풍조가 만연한 이 세상에  믿음과 희망과 사랑의 생활로 그리스도를 드러내게 하소서."
33,2, 위정자들을 위하여 기도합시다.,"주님, 이 나라 위정자들이 이기심과 욕심을 버리고  가난하고 힘없는 이들의 권익을 위하여 힘쓰게 하시어  이땅에 정의와 평화가 흘러 넘치게 하소서."
34,3, 교육자들을 위하여 기도합시다.,"주님, 교육자들이 자신의 소명에 대한 긍지와 자부심을 지니고  사랑과 진리를 바탕으로 한 전인교육에 몸바칠 수 있도록  그들에게 지혜와 힘을 주소서."
35,4, 가난한 이웃을 위하여 기도합시다.,"주님, 저희의 무관심으로 더욱 힘들게 살아가는 가난한 이들에게  좌절하지 않고 꿋꿋하게 살아갈 용기를 주시고  저희가 마음을 열고 가진 것을 나누는 따뜻한 이웃이 되게 하소서."
36,1, 예비신자들을 위하여 기도합시다.,"주님, 참된 진리를 찾아 교회에 온 예비신자들이  성령께서 이끄시는 대로 교회 안에서 구원의 진리를 발견하며  그리스도의 지체로서 충실히 살아가게 하소서."
37,2, 공직자들을 위하여 기도합시다.,"주님, 국민을 위하여 일하는 이 나라 공직자들에게 그들이 해야 할 일을바로 알게 하시어 모든 국민에게 도움이 되는 일에 최선을 다하게 하소서."
38,3, 가난한 사람들을 위하여 기도합시다.,"주님, 굶주림으로 고통받는 이웃이 주님 안에서 위로를 얻게 하시고 저희가 가진 것을 그들과 나눔으로써 그리스도의 사랑을 실천하게 하소서."
39,4, 우리 자신을 위하여 기도합시다.,"주님, 물과 성령으로 다시 태어난 저희가 성체성사로 새로운 힘을 얻어  사랑의 공동체를 이루며 살아가게 하소서."
40,1, 교회의 지도자들을 위하여 기도합시다.,"주님, 교회의 지도자들이 인류 구원을 위하여 고난을 받으시고 돌아가신  그리스도를 본받아 살아갈 수 있도록 지혜와 힘을 주소서."
41,2, 공직자들을 위하여 기도합시다.,"주님, 공직을 맡고 있는 사람들이 자신들의 명예나 이익을 구하지 않고  모든 이의 이익을 위하여 봉사하게 하소서."
42,3, 부모님들을 위하여 기도합시다.,"주님, 자신보다 자녀들의 아픔에 더 마음을 쓰는 저희 부모와 함께하시어  그들에게 즐겁게 살아갈 수 있는 건강을 주시고 저희는 부모의 사랑에 감 사하고 그 은혜에 보답하는 자녀가 되게 하소서."
43,4, 우리 자신을 위하여 기도합시다.,"주님, 사순시기를 맞는 모든 그리스도인이 날마다 희생과 봉사 정신으로 살아갈 수 있도록 이끌어주소서."
44,1, 사제들을 위하여 기도합시다.,"주님, 영혼들의 목자인 사제들이 세상의 유혹에 흔들리지 않는 거룩한 생활을 하게 하시고 그들에게 맡겨진 양들을 올바로 이끌어가게 하소서."
45,2, 세계 평화를 위하여 기도합시다.,"주님, 이 세상에 주님의 참 평화의 빛을 비추시어 모든 사람이 한마음으 로 진정한 평화를 위하여 힘쓰게 하소서."
46,3, 그리스도인들을 위하여 기도합시다.,"주님, 모든 그리스도인이 참된 회개와 주님을 위한 희생으로  이 은총의 사순시기를 보내게 하소서."
47,4, 새 학기를 맞이하는 학생들을 위하여 기도합시다.,"주님, 새로운 마음으로 새 학기를 맞는 모든 학생에게 복을 내리시어 그들이 영원한 진리의 말씀을 깨닫고 올바른 가치관을 만들어가게 하소서."
48,1, 사제들을 위하여 기도합시다.,"주님, 사제들에게 참된 지혜를 내려주시어  세상의 어떠한 유혹에도 흔들리지 않는 거룩한 생활을 하게 하시고  맡겨진 양들을 올바르게 이끌 수 있도록 도와주소서."
49,2, 정치인들을 위하여 기도합시다.,"주님, 이 나라 정치인들이 하루빨리 그들이 속한 당과 개인의 이기심에서벗어나 진정으로 국민에게 봉사하는 사람들이 될 수 있도록 도와주소서."
50,3, 질병으로 고통받는 사람들을 위하여 기도합시다.,"주님, 질병으로 고통받는 사람들이 희망을 잃지 않고 살아갈 수 있도록주님께서 위로하여 주시고 그들이 하루빨리 나아서 가족들과 함께 주님을 찬미하며 기쁜 생활을 할 수 있도록 은총 주소서."
51,4, 근로자들을 위하여 기도합시다.,"주님, 모든 근로자에게 복을 내리시어 노동을 통하여 삶의 기쁨을 찾을 수있도록 힘과 용기를 주시고 그들이 흘린 땀의 대가가 정당하게 보장받을 수 있도록 도와주소서."
52,1, 교회의 지도자들을 위하여 기도합시다.,"주님, 그리스도의 말씀을 따라 살고 있는 교회의 지도자들에게 주님의 지 혜와 용기를 주시어 그들이 세상의 선악을 잘 분별하여, 그릇된 일은 거 부하며 주님께서 몸소 맡기신 양들을 올바로 이끌 수 있도록 도와주소서."
53,2, 우리 나라를 위하여 기도합시다.,"주님, 이 나라 모든 국민이 그릇된 욕심과 지나친 소비 풍조에서 벗어나  서로 위하고 나누며 이해함으로써 일치와 번영을 이루게 하소서."
54,3, 병으로 고통받는 사람들을 위하여 기도합시다.,"주님, 온갖 질병으로 고생하는 이들이 고통받으시는 그리스도의 모습에서 희망을 찾으며 자신들의 아픔을 이겨낼 수 있도록 위로와 용기를 주소서."
55,4, 우리 자신을 위하여 기도합시다.,"주님, 저희가 주님의 크신 은총을 깨달아 나쁜 행실을 고치고 온전히 회 개하여 그리스도를 증언할 수 있도록 이끌어주소서."
56,1, 선교사들을 위하여 기도합시다.,"주님, 복음을 땅 끝까지 전하는 선교사들에게 힘과 용기를 주시어  많은 어려움에도 실망하거나 좌절하지 않고 맡은 일을 충실히 해 나가게 하소서."
57,2, 사회 정의를 위하여 기도합시다.,"주님, 온갖 비리와 모순으로 가득 찬 이 사회에 주님의 정의가 회복되게하시어 인간의 존엄성과 권리가 존중되는 정의로운 사회가 되게 해주소서."
58,3, 예비신자들을 위하여 기도합시다.,"주님, 진리의 빛을 찾아 교회로 모여온 예비신자들에게 주님을 올바로 알 아볼 수 있는 은총을 주시고 그들이 어떠한 어려움에도 흔들리지 않도록 굳은 믿음을 주소서."
59,4, 젊은이들을 위하여 기도합시다.,"주님, 젊은이들이 내일에 대한 희망과 믿음을 가지고 그들에게 닥치는 현실의 모든 어려움과 고통을 이길 수 있도록 그들과 늘 함께 하소서."
60,1, 교회를 위하여 기도합시다.,"주님, 교회가 그리스도를 본받아 세상의 온갖 유혹을 이기고  이 세상에 진리와 사랑의 빛을 밝히는 등불이 되게 하소서."
61,2, 세계 평화를 위하여 기도합시다.,"주님, 모든 사람이 주님의 뜻을 따라 평화를 바라고 실천하여  질투와 시기, 폭력과 전쟁이 사라지도록 도와주소서."
62,3, 고통받는 사람들을 위하여 기도합시다.,"주님, 정신적으로나 육체적으로 고통받고 있는 사람들에게 주님께서 몸소 용기와 위로를 주시어 사랑과 희망으로 주님만을 의지하며 살아갈 수 있 도록 도와주소서."
63,4, 죄인들을 위하여 기도합시다.,"주님, 자신의 잘못을 알고 있으면서도 회개하지 않는 이들에게 자비를 베 푸시어 그들이 모든 잘못을 용서하시는 주님의 은총을 깨달아  진정으로 자신의 잘못을 뉘우치며 새로운 삶을 살도록 이끌어주소서."
64,1, 교회의 지도자들을 위하여 기도합시다.,"주님, 주님의 양들을 보살피는 목자들이 모든 어려움을 이기고  맡겨진 양들을 주님께 올바로 이끌 수 있도록 지혜와 용기를 주소서."
65,2, 정치인들을 위하여 기도합시다.,"주님, 이 나라 정치인들에게 주님의 정의와 지혜를 심어주시어  그들이 국민들의 고통을 덜어주는 일에 힘쓰게 하소서."
66,3, 고통받은 이웃을 위하여 기도합시다.,"주님, 가난과 질병으로 고통받는 모든 사람에게 주님의 자비를 베풀어주 시고 저희가 그들의 고통을 함께 아파하고 나누는 좋은 이웃이 되게 하소서."
67,4, 어린 자녀들을 위하여 기도합시다.,"주님, 저희 어린 자녀에게 주님의 빛을 비추시어 이웃을 사랑하는 마음을 배우며 티없이 깨끗하고 밝은 모습으로 성장할 수 있도록 도와주소서."
68,1, 교회를 위하여 기도합시다.,"주님, 부활하신 그리스도를 증언하는 교회가 온갖 죄와 속박에서 벗어나 완전히 자유롭게 되고 구원의 기쁜 소식을 이 세상 모든 사람에게 알리게하소서."
69,2, 세계 평화를 위하여 기도합시다.,"주님, 주님께서 몸소 창조하신 세상이 서로 믿지 못하고 갈라져 아파하고 있으니 주님께서 보시기에 좋은 본래 모습을 되찾아 평화로운 세상이 되 게 하소서."
70,3, 죄인들의 회개를 위하여 기도합시다.,"주님, 자신의 죄로 마음의 문을 닫고 있는 사람들이 부활하신 그리스도를 느끼고 회개하여 새로운 삶을 시작하도록 도와주소서."
71,4, 새 영세자들을 위하여 기도합시다.,"주님, 세례성사로 새롭게 태어난 자녀들이 예수 그리스도의 부활을 믿으 며 살아가게 하시고 또한 어떠한 어려움 속에서도 흔들리지 않는굳건한  믿음을 심어주소서."
72,1, 선교사들을 위하여 기도합시다.,"주님, 이 세상 끝까지 복음을 전하라고 말씀하신 그리스도를 따라  조국과 가족을 떠나 생활하는 선교사들과 함께 하시고  그들이 더욱더 열심히 복음을 선포할 수 있도록 건강과 지혜를 주소서."
73,2, 국가 지도자들을 위하여 기도합시다.,"주님, 이 나라 모든 지도자가 가난하고 따돌림당하는 사람들의 고통을 알 게 하시어 이 땅에 주님께서 바라시는 정의와 평화를 세우는 데 힘쓰게하소서."
74,3, 고통받는 사람들을 위하여 기도합시다.,"주님, 정신적 육체적으로 고통받는 사람들을 위로하여 주시고  저희가 그들과 함께 고통과 기쁨을 나누며 살아가게 하소서."
75,4, 본당 공동체를 위하여 기도합시다.,"주님, 저희 본당의 모든 교우가 서로 의지하고 사랑함으로써  참다운 사랑의 공동체를 이루도록 도와주소서."
76,1, 그리스도인들의 일치를 위하여 기도합시다.,"주님, 같은 신앙을 고백하면서도 서로 받아들이지 않는 이들이 자신만의 고집과 편견을 버리고 그리스도를 함께 증언하는 기쁨을 나누게 하소서."
77,2, 양심수들을 위하여 기도합시다.,"주님, 진리와 정의를 외치다 감옥에 갇힌 이들을 주님께서 몸소 위로하시 고, 그들의 고통이 헛되지 않도록 이 세상에 참된 정의를 심어주소서."
78,3, 고아들을 위하여 기도합시다.,"주님, 돌보아 줄 사람이 아무도 없는 고아들에게 주님께서 몸소 보호자가 되어주시고 그들이 다시 따뜻한 가정을 맞이할 수 있도록 자비를 베푸소서."
79,4, 세상을 떠난 사람들을 위하여 기도합시다.,"주님, 이 세상을 떠난 사람들이  하루빨리 죄를 용서받고, 하늘나라에 들어가게 하소서."
80,1, 사제들을 위하여 기도합시다.,"주님, 거룩한 사제직에 부름 받은 사제들이 그리스도를 본받아 세상의 유 혹을 떨쳐버리고 착한 목자로서 책임과 사명을 다할 수 있도록 지혜와 용 기를 주소서."
81,2," 성소주일을 맞이하여, 성소자들을 위하여 기도합시다.","주님, 젊은이들의 마음속에 주님께 대한 믿음을 심어주시어 그들이 사제 성소와 수도성소로 부르시는 주님의 초대에 기꺼이 응답할 수 있도록 용 기와 희망을 주소서."
82,3, 어린이들을 위하여 기도합시다.,"주님, 내일의 희망인 어린이들이 밝고 올바르게 자라나도록 보살펴 주시 고 언제까지나 순수한 마음을 간직하도록 은총 주소서."
83,4, 부모님들을 위하여 기도합시다.,"주님, 저희 부모의 깊은 사랑에 감사하며 청하오니 그들이 남은 삶을 건 강하고 평안하게 살 수 있도록 하시며 이미 세상을 떠난 어버이들에게는   하느님 나라의 영원한 행복을 주소서."
84,1, 교황님을 위하여 기도합시다.,"주님, 진리의 빛을 밝히고 교회의 가르침을 선포하는 교황에게 지혜의 성령을 내리시어 언제나 주님의 뜻을 따르는 데 최선을 다하게 하소서."
85,2, 우리 나라를 위하여 기도합시다.,"주님, 이 나라 국민에게 자비를 베푸시어 주님의 뜻에 어긋나는 모든 죄악에서 마음을 돌려 서로 사랑하고 위하는 아름다운 마음으로 살게 하소서."
86,3, 굶주리는 사람들을 위하여 기도합시다.,"주님, 아직도 먹을 것이 없어 굶주리고 있는 이들이 많사오니 주님께서이들에게 자비를 베풀어주시고 그들의 이웃인 저희에게 나눔의 아름다움 을 깨닫게 하시어 필요한 양식을 기꺼이 나누게 하소서."
87,4, 교육자들을 위하여 기도합시다.,"주님, 모든 교육자에게 복을 주시어 그들이 주님께서 주신 교육자의 길에 보람을 느끼며 성실히 걸을 수 있도록 많은 지혜와 용기를 주소서."
88,1, 신자들을 위하여 기도합시다.,"주님, 모든 신자가 성모 마리아의 겸손과 가난한 마음을 본받아 자신에게 맡겨진 일에 충실하고 모든 이에게 복음을 전하는 데에 최선을 다하게 하 소서."
89,2, 위정자들을 위하여 기도합시다.,"주님, 이 나라 위정자들이 이기적인 야심과 명예를 벗어 던지고  국민을 위한 진정한 봉사자가 될 수 있도록 지혜와 용기를 주소서."
90,3, 고통받는 사람들을 위하여 기도합시다.,"주님, 정신적 육체적으로 고통받는 사람들이 주님의 따뜻한 사랑에 위로 받고 그 시련을 잘 견디어낼 수 있도록 용기와 힘을 주소서."
91,4, 가정을 위하여 기도합시다.,"주님, 성가정을 통하여 가장생활의 모범을 보여주셨으니 저희 가정이 서 로 존경하고 사랑하며 화목한 가운데 주님께 사랑 받는 공동체가 되게 하 소서."
92,1," 홍보주일을 맞이하여, 홍보활동을 하고 있는 이들을 위하여 기도합시다.","주님, 홍보활동에 종사하는 이들이 올바른 양심과 사명감으로 사실을 바 르고 빠르게 전하는 일꾼으로서 그 역할을 다할 수 있도록 도와주소서."
93,2, 세계 평화를 위하여 기도합시다.,"주님, 전쟁과 재난으로 굶주리는 많은 민족의 처지를 돌아보시고 온 세계가 하나로 뭉쳐, 가진 것을 아낌없이 나누며 참된 평화를 이루어 나갈 수 있도록 도와주소서."
94,3, 장애인들을 위하여 기도합시다.,"주님, 육체적 정신적 장애로 고통받는 이들을 위로하시어  그들이 장애를 극복하고 행복하게 살아갈 수 있게 하시고  저희가 그들을 사랑으로 돌볼 수 있도록 도와주소서."
95,4, 농민들을 위하여 기도합시다.,"주님, 온갖 어려움 가운데서도 말없이 땀 흘리며 일하는 농민들에게  복을 내려주시고 그들이 흘린 땀이 정당한 대가를 받아 일에 대한 긍지와 보람을 얻을 수 있도록 도와주소서."
96,1, 교회를 위하여 기도합시다.,"주님, 성령 강림으로 태어난 교회가 성령의 이끄심에 따라 끊임없이 새로워지게 하시고 세상의 모든 어둠을 밝게 비추는 데 힘쓰게 하소서."
97,2, 정치인들을 위하여 기도합시다.,"주님, 정치인들에게 바른 양심과 지혜를 주시어  국민을 위하여 평화로운 국가를 건설하는 데에 최선을 다하게 하시고  특히 물질의 유혹에 빠지지 않게 하소서."
98,3, 가난한 사람들을 위하여 기도합시다.,"주님, 가난 때문에 상처받는 사람들의 마음을 사랑으로 감싸 주시고  저희의 도움으로 그들이 꿋꿋하게 일어설 수 있게 하소서."
99,4, 청소년들을 위하여 기도합시다.,"주님, 청소년들이 젊음의 순수함과 희망을 잃지 않고  생동감 있는 모습으로, 함께 하는 이들에게 기쁨이 되게 하소서."
100,1," 예수 성심 성월을 맞아, 죄인들의 회개를 위하여 기도합시다.","주님, 모든 죄인이 자비로우신 예수 성심의 사랑을 깨달아  자신의 죄를 깊이 뉘우치고, 고해성사를 통하여 새삶을 누리게 하소서."
101,2, 세계 평화를 위하여 기도합시다.,"주님, 아직도 폭력으로 어지러운 이 세상에 그리스도의 평화를 깊이 심어 주시어 온 인류가 간절히 바라는 참된 평화가 이루어지게 하소서."
102,3, 순국 선열을 위하여 기도합시다.,"주님, 조국을 수호하기 위하여 자신을 바친 사람들의 죽음이 헛되지 않게  이 나라에 평화를 심어주시고또한 그들이 주님 나라에서 영원한 생명을 누리게 하소서."
103,4, 본당 공동체를 위하여 기도합시다.,"주님, 본당의 사목자, 수도자, 교우들이 주님 사랑의 신비인 삼위일체를본받아 서로 사랑하고 하나 되어 그리스도를 증언하게 하소서."
104,1, 성체를 받아 모시는 우리 모두를 위하여 기도합시다.,"주님, 그리스도께서 아버지께 완전한 제사를 바치신 것처럼 성체를 받아 모시는 저희도 그리스도와 함께 사랑의 희생 제물이 되게 하소서."
105,2, 공직자들을 위하여 기도합시다.,"주님, 모든 공직자가 그리스도를 본받아 국민을 위하여 희생하고 봉사하 게 하시며 자기 직분에 최선을 다하게 하소서."
106,3, 굶주리는 사람들을 위하여 기도합시다.,"주님, 굶주리는 사람들에게 자비를 베풀어주시고 그들의 이웃인 저희에게 는 나눔의 아름다움을 깨닫게 하시어 필요한 양식을 기꺼이 나누게 하소서."
107,4, 냉담자들을 위하여 기도합시다.,"주님, 나약한 믿음과 세상의 어려움으로 주님을 모르는 체하면서 살아가 는 사람들이 하루빨리 성찬에 참여하여, 주님의 몸과 피를 받아 모시며  기꺼이 주님을 따라 살아갈 수 있도록 은총 주소서."
108,1, 성직자들을 위하여 기도합시다.,"주님, 그리스도의 뜻을 따라 살아가는 성직자들에게  어떠한 어려움도 슬기롭게 이겨낼 수 있는 힘과 지혜를 주시고  그리스도를 따르는 모든 사람을 올바른 길로 이끌 수 있도록 도와주소서."
109,2, 세계 평화를 위하여 기도합시다.,"주님, 사이가 좋지 않거나 갈라져 있는 모든 나라가  주님의 은총으로 평화를 되찾아, 일치의 기쁨을 누리게 하소서."
110,3, 고통받는 사람들을 위하여 기도합시다.,"주님, 정신적으로나 육체적으로 고통받는 사람들이 주님의 따뜻한 사랑으 로 위로 받고, 어려움을 잘 이겨낼 수 있도록 용기와 힘을 주소서."
111,4, 그리스도교 일치를 위하여 기도합시다.,"주님, 갈라져 있는 형제들과 일치하기를 바라오니 저희가 모두 서로 사랑 하고 하나 되어 한 분이신 주님을 섬길 수 있도록 도와주소서."
112,1, 교회를 위하여 기도합시다.,"주님, 믿는 이들의 공동체인 교회가 세상의 죄악에 물들지 않고  그리스도의 말씀을 세상 끝까지 퍼뜨릴 수 있도록 도와주소서."
113,2, 그리스도를 믿지 않는 사람들을 위하여 기도합시다.,"주님, 아직도 그리스도를 믿지 않는 사람들이 참 진리를 깨달아  새 생명을 주시는 주님의 은총을 온 마음으로 받아들이게 하소서."
114,3, 청소년들을 위하여 기도합시다.,"주님, 청소년들에게 주님을 믿고 따르는 마음을 주시어 어떠한 어려움에 서도 주님께 의지하며 꿋꿋하게 살아갈 수 있도록 도와주소서."
115,4, 본당 공동체를 위하여 기도합시다.,"주님, 본당의 모든 교우가 그리스도의 말씀을 따라 일치하고 화목하게 하 시며, 이러한 생활을 통해 이웃에게 주님을 전하게 하소서."
116,1, 교회를 위하여 기도합시다.,"주님, 교회가 그리스도께서 가르쳐주신 말씀을 따르는 참사랑의 공동체가 되어 갈 길을 잃고 절망하는 사람들에게 용기와 희망을 줄 수 있도록 도 와주소서."
117,2, 공직자들을 위하여 기도합시다.,"주님, 모든 공직자가 자신의 이익과 명예를 좇지 않고  국민과 맺은 봉사의 계약에 충실할 수 있도록 도와주소서."
118,3, 불치병 환자들을 위하여 기도합시다.,"주님, 불치병으로 고통받는 이들이 좌절하지 않고 주님께 희망을 두며  밝은 모습으로 살아가게 하소서."
119,4, 옳은 일을 하다가 고통받는 사람들을 위하여 기도합시다.,"주님, 정의를 위하여 일하다가 고통받는 이들이 어떠한 어려움에서도 꿋 꿋하게 자신들의 뜻을 이루어갈 수 있도록 용기와 힘을 주소서."
120,1, 교회를 위하여 기도합시다.,"주님, 모든 이에게 주님의 위로와 희망을 전하는 교회가  세상의 빛과 소금으로서 제구실을 다할 수 있도록 이끌어주소서."
121,2, 우리 나라를 위하여 기도합시다.,"주님, 수많은 어려움을 겪어온 이 나라에 복을 주시어 남북으로 갈라져있는 이 나라가 하루빨리 평화 통일을 이룰 수 있도록 도와주소서."
122,3, 졸업생들을 위하여 기도합시다.,"주님, 학교 생활을 마치고 사회로 진출하는 졸업생들에게 주님의 사랑과 지혜를 주시어 그들이 이웃과 사회에 빛과 소금이 되게 하소서."
123,4, 냉담자들을 위하여 기도합시다.,"주님, 여러 가지 핑계로 주님을 알면서도 모르는 체하며 살아가는 사람들 을 위하여 기도하오니 그들이 하루빨리 어둠의 생활을 벗어버리고  믿음의 빛 속에서 기쁘게 살아가게 하소서."
124,1, 교황님을 위하여 기도합시다.,"주님, 주님께서 손수 뽑으신 교황이 그리스도의 사랑과 진리를 올바로 선 포하고 삶으로 증언하여 모든 그리스도인의 모범이 되게 하소서."
125,2, 위정자들을 위하여 기도합시다.,"주님, 이 나라 위정자들이  국가의 장래와 국민을 위하여 올바르게 정치할 수 있도록 도와주소서."
126,3, 부부들을 위하여 기도합시다.,"사랑하는 남녀의 결합을 성사로 들어 높이신 주님, 사랑의 끈으로 부부들 을 튼튼히 묶어주시어 그들이 서로 존경하고 신뢰함으로써  행복이 넘치는 가정을 이루어가게 하소서."
127,4, 젊은이들을 위하여 기도합시다.,"주님, 젊은이들에게 용기를 주시어  젊은이다운 자신감으로 바르게 살아갈 수 있도록 도와주소서."
128,1, 교회를 위하여 기도합시다.,"주님, 믿는 이들의 공동체인 교회가 그리스도의 말씀을 충실히 실천하며  인류의 구원을 위하여 봉사하게 하소서."
129,2, 경제인들을 위하여 기도합시다.,"주님, 경제 발전을 위하여 일하는 사람들에게 주님의 사랑을 심어주시어 자신들의 이익을 추구하기보다는 정의로운 사회 건설에 이바지하게 하소서."
130,3, 노인들을 위하여 기도합시다.,"주님, 외로움과 병으로 고생하는 노인들을 위하여 기도하오니 그들이   가족과 이웃의 따뜻한 보살핌 속에서 주님을 찬미하며 지내게 하소서."
131,4, 고통받는 형제들을 위하여 기도합시다.,"주님, 정신적 육체적으로 고통받는 형제들을 위하여 기도하오니  주님께서 몸소 그들을 위로하여 주시고  저희가 그들의 어려움을 함께 나누며 살아갈 수 있도록 도와주소서."
132,1, 선교사들을 위하여 기도합시다.,"주님, 그리스도 말씀을 선포하는 선교사들에게 지혜와 건강을 주시어  그들이 참 진리의 말씀을 땅 끝까지 전할 수 있게 하소서."
133,2, 위정자들을 위하여 기도합시다.,"주님, 국민의 대변자인 위정자들이 자신의 욕심에 사로잡혀 권력과 금력 만을 추구하지 않고 국민을 위하여 올바르게 정치할 수 있도록 도와주소서."
134,3, 가난한 사람들을 위하여 기도합시다.,"주님, 무관심과 냉대 속에서 살아가는 가난한 사람들에게 용기를 주시고  저희가 그들의 이웃이 되어 따뜻한 관심과 사랑을 베풀게 하소서."
135,4, 본당 공동체를 위하여 기도합시다.,"주님, 저희 본당 공동체 모든 구성원이 각자 맡은 일에 충실하고  서로 사랑을 나누게 하시어 마침내 하나가 되게 하소서."
136,1, 사제들을 위하여 기도합시다.,"주님, 사제들에게 주님의 마음과 지혜를 주시어 그들이 그리스도 말씀을  충실히 실행하며 살아갈 수 있도록 이끌어주소서."
137,2, 우리 나라를 위하여 기도합시다.,"주님, 온 국민이 서로 믿지 못하는 불신의 벽을 헐어버리고  서로 이해하며 한마음 한뜻으로 살아갈 수 있도록 도와주소서."
138,3, 고통받는 사람들을 위하여 기도합시다.,"주님, 정신적 육체적으로 고통받는 사람들에게 그 고통을 이겨낼 수 있는 용기와 힘을 주시고 또한 저희가 그들에게 좋은 위로와 도움을 줄 수 있 도록 이끌어주소서."
139,4, 청소년들을 위하여 기도합시다.,"주님, 앞으로 이 나라를 이끌어갈 청소년들이 각자에게 알맞은 뜻을 세워실천하게 하시고 그들이 어떠한 어려움에도 좋은 일을 하는 데에 최선을 다할 수 있도록 은총 주소서."
140,1, 교회를 위하여 기도합시다.,"주님, 교회가 그리스도께서 가르쳐주신 진리와 정의를 세우는 데  최선을 다하게 하소서."
141,2, 위정자들을 위하여 기도합시다.,"주님, 이 나라 위정자들이 개인의 욕심을 버리고  국민을 위하여 봉사할 수 있도록 이끌어주소서."
142,3, 가난한 사람들을 위하여 기도합시다.,"주님, 가난 때문에 상처받는 사람들의 마음을 주님께서 몸소 위로하여 주 시고 그들이 어려운 생활을 극복하고 꿋꿋하게 일어설 수 있도록  힘과 용기를 주소서."
143,4, 본당 공동체를 위하여 기도합시다.,"주님, 저희 본당 신자들이 남을 먼저 생각하고 서로 협력하여  한마음으로 주님을 찬미하게 하소서,    ✝ 주님, 주님 앞에서 죄인임을 깨닫고 오직 주님의 자비만을 바라며 드리는  저희의 기도를 즐겨 들어주소서."
144,1, 교회를 위하여 기도합시다.,"주님, 지상의 나그네인 교회가 용서와 사랑의 산실이 되게 하시고  언제나 주님의 가르침에 충실할 수 있도록 이끌어주소서."
145,2, 사제들을 위하여 기도합시다.,"주님, 일생을 하느님 나라 건설에 몸바치는 사제들이 온갖 어려움에서도 자신의 역할을 성실히 이행해 나가도록 은총 주소서."
146,3, 죄인들의 회개를 위하여 기도합시다.,"주님, 죄를 짓고도 회개하지 않는 이들이  자신의 잘못을 깨닫고 회개의 길을 갈 수 있도록 은총 주소서."
147,4, 본당 공동체를 위하여 기도합시다.,"주님, 저희 본당의 모든 신자가 주님의 사랑 안에서 하나 되고  이웃에게는 회개와 용서의 모범이 된 수 있도록 도와주소서."
148,1, 교회를 위하여 기도합시다.,"주님, 교회가 인류 사회에 그리스도의 복음을 널리 전파하여  주님의 영광을 드러내게 하소서."
149,2, 세계 평화를 위하여 기도합시다.,"주님, 자국의 이익을 위하여 힘없는 나라에게 불이익을 강요하는 일이   없게 하시고 모든 민족이 참된 이웃이 되어 평화와 사랑이 넘치는   세계를 만들어가게 하소서."
150,3, 시각 장애인들을 위하여 기도합시다.,"주님, 앞을 보지 못하고 어둠에서 살고 있는 이들을 위로하시고  육신의 눈보다 더 값진 영혼의 눈으로  세상과 이웃을 아름답고 깨끗한 마음으로 보게 하소서."
151,4, 근로자들을 위하여 기도합시다.,"주님, 땀 흘리며 일하는 근로자들의 수고가 헛되지 않게 하시고  그들이 보람과 긍지를 지니고 살아가도록 이끌어주소서."
152,1," 교황주일을 맞이하여, 교황님을 위하여 기도합시다.","주님, 교회의 최고 목자인 교황에게 지혜와 건강을 주시어  주님의 사랑과 평화를 온 세상에 전파하는 데 지치지 않게 하소서."
153,2, 사제들을 위하여 기도합시다.,"주님, 온 삶을 바쳐 주님을 따르겠다고 결심한 사제들이  그리스도를 증언하며 충실히 살아갈 수 있도록 은총 주소서."
154,3, 장애인들을 위하여 기도합시다.,"주님, 몸과 마음의 장애로 어려움을 겪고 있는 사람들에게  사랑의 손길을 펼치시어, 재활의 의지를 심어주시고  저희에게는 그들의 고통을 함께 나누는 사랑의 마음을 주소서."
155,4, 우리 자신을 위하여 기도합시다.,"주님, 그리스도의 뜻을 따라 살아가려고 노력하는 저희에게  사랑과 용기를 심어주시어 저희가 어떠한 어려움에도 흔들리지 않고  꿋꿋하게 살아갈 수 있도록 이끌어주소서."
156,1, 교회를 위하여 기도합시다.,"주님, 그리스도의 말씀을 따라 살아가는 교회가 가난하고 소외되고 고통 받는 사람들의 안식처가 될 수 있도록 도와주소서."
157,2, 정치인들을 위하여 기도합시다.,"주님, 이 나라 정치인들이 이기적인 야심에서 벗어나 국민의 뜻이 무엇인 지 깨닫고 국민을 위하여 봉사하도록 이끌어주소서."
158,3, 질병으로 고통받는 사람들을 위하여 기도합시다.,"주님, 온갖 질병으로 고통 당하는 이들이 희망을 잃지 않고  고통을 이겨 나갈 수 있도록 힘과 용기를 주소서."
159,4, 우리 자신을 위하여 기도합시다.,"주님, 주님의 뜻을 따라 살아가려는 저희에게 주님의 사랑과 용기를 심어 주시어 어떠한 유혹에도 흔들리지 않고 꿋꿋하게 살아갈 수 있도록 도와 주소서."
160,1, 교회의 지도자들을 위하여 기도합시다.,"주님, 교회의 지도자들이 무엇보다 먼저 그리스도의 가르침을 올바로 깨 닫고 성실히 실천함으로써 이 세상을 구원하는 도구가 되게 하소서."
161,2, 세계 평화를 위하여 기도합시다.,"주님, 인류가 전쟁과 불목의 길에서 돌아서게 하시어 서로 사랑을 나누며  주님의 평화 속에서 살아갈 수 있도록 도와주소서."
162,3, 병자들을 위하여 기도합시다.,"주님, 온갖 질병으로 고생하는 이들이 희망을 잃지 않고 고통을 이겨내어  치유의 기쁨을 누릴 수 있도록 힘과 용기를 주소서."
163,4, 입법자들을 위하여 기도합시다.,"주님, 입법자들이 주님의 자비와 사랑의 법을 깨닫게 하시어  인간 존엄성을 지키는 올바른 법을 제정하게 하소서."
164,1, 수도자들을 위하여 기도합시다.,"주님, 그리스도를 따르는 삶을 살기 위하여 서원한 수도자들에게 복을 주 시어 그들이 서원한 바를 성실히 이행하고 그리스도의 말씀을 실천하며  살아갈 수 있도록 도와주소서."
165,2, 정치인들을 위하여 기도합시다.,"주님, 이 나라 정치인들이 이기적인 야심에서 벗어나 국민의 입장에서 생 각하고 국민의 뜻이 무엇인지를 헤아려 국민을 위하여 봉사할 수 있도록 도와주소서."
166,3, 산업 장애인들을 위하여 기도합시다.,"주님, 일을 하다 뜻하지 않은 불의한 사고로 갑작스레 장애인이 된 이들 에게 재활의 의지를 주시고 그들이 겪는 정신적, 경제적 어려움을 저희와 함께 극복할 수 있도록 저희에게 사랑의 마음을 주소서."
167,4, 가정을 위하여 기도합시다.,"주님, 그리스도를 믿고 따르는 모든 가정이 주님의 뜻을 따라. 감사와 기 쁨의 생활로 다져진 행복의 보금자리를 만들 수 있도록 은총 주소서."
168,1, 교황님을 위하여 기도합시다.,"주님, 그리스도의 구원사업에 성실히 협력하는 교황과 늘 함께 하시어  어둠과 죽음의 세력을 물리치고 언제나 진리의 등불을 밝힐 수 있도록 도 와주소서."
169,2, 공직자들을 위하여 기도합시다.,"주님, 공직에 몸담고 있는 사람들이 올바른 양심과 책임감으로  국민을 위한 진정한 봉사자가 될 수 있도록 도와주소서."
170,3, 고통받는 사람들을 위하여 기도합시다.,"주님, 정신적 육체적으로 어려움을 겪고 있는 사람들이  치유의 기쁨을 누릴 수 있도록 도와주시고  저희는 도움이 필요한 이웃에게 기꺼이 봉사하게 하소서."
171,4, 본당의 활동 단체를 위하여 기도합시다.,"주님, 본당의 각 단체들이 서로 화합하여 나눔의 친교 생활을 할 수 있도 록 이끌어주시고 남에게 도움을 주는 일에 힘쓰게 하시어  그리스도인의 정신을 드높이게 하소서."
172,1, 교회를 위하여 기도합시다.,"주님, 그리스도의 지체인 교회가 성체성사의 신비를 깊이 깨달아  굶주리고 헐벗고 약한 이들과 늘 함께 하게 하소서."
173,2, 세계 평화를 위하여 기도합시다.,"주님, 온 인류의 마음속에 주님의 평화를 심어주시어 평화를 해치는 모든 악의 요소들을 멀리하고 이해관계로 얽혀있는 모든 문제를 평화로이 해결 할 수 있도록 도와주소서."
174,3, 굶주림으로 고통받는 사람들을 위하여 기도합시다.,"주님, 아직도 굶주림에 허덕이는 사람들이 많사오니  그들과 고통을 함께 나눌 수 있도록 저희의 마음을 일깨워 주시고  저희가 모두 주님 안에서 한 형제임을 깨닫게 하소서."
175,4, 여행하는 사람들을 위하여 기도합시다.,"주님, 여행하는 모든 이가 만나는 사람들에게 그리스도의 사랑을 전하며  유익하고 안전한 여행을 할 수 있도록 도와주소서."
176,1, 선교사들을 위하여 기도합시다.,"주님, 세상 끝까지 그리스도 말씀을전하는 선교사들의 열정을  식지 않게 하시어, 그들에게 어떠한 어려움이 닥치더라도  주님께 의지하여 꿋꿋하게 이겨낼 수 있도록 용기를 주소서."
177,2, 위정자들을 위하여 기도합시다.,"주님, 이 나라 위정자들이 개인적 야심과 욕망을 버리고 국민들의 바람을 소신껏 이루어 나갈 수 있도록 그들의 정신을 성실과 지혜로 채워주소서."
178,3, 앓고 있는 사람들을 위하여 기도합시다.,"주님, 병고에 지쳐있는 모든 사람에게 고통을 참아내는 마음과 기쁨을 주 시고 하루빨리 치유될 수 있도록 도와주소서."
179,4, 근로 청소년들을 위하여 기도합시다.,"주님, 무더위 속에서도 열심히 땀 흘리며 일하는 근로 청소년들에게  모든 어려움을 이겨낼 수 있는 힘을 주시고 꿋꿋한 마음으로 내일을 바라 보며 살아가게 하소서."
180,1, 교회를 위하여 기도합시다.,"주님, 그리스도를 따르기 위하여 모인 교회가 불필요한 모든 것을 완전히 끊어버리고 하느님 뜻에 따라 인간을 죽기까지 사랑하신 그리스도의 마음 을 닮아 그 모습대로 살게 하소서."
181,2, 세계 평화를 위하여 기도합시다.,"주님, 자기 나라 이익만 추구하는 강대국들에게 나누는 마음을 갖도록 일 깨워 주시어 약소국의 발전을 돕고 친교를 이루는 가운데일치와  평화가 꽃피게 하소서."
182,3, 질병으로 고통받는 사람들을 위하여 기도합시다.,주님 질병으로 고통받는 사람들이 자비로우신 주님 안에서 힘을 얻어  고통을 잘 이겨내고 건강해지도록 도와주소서.
183,4, 지역사회 지도자들을 위하여 기도합시다.,"주님, 이 나라 각 지역사회에서 일하는 지도자들에게 주님의 정의와 사랑 을 주시어 그들이 모든 사람을 소중히 여기는 마음으로 지역사회가   균형 있게 발전하는 데 봉사하게 하소서."
184,1, 수도자들을 위하여 기도합시다.,"주님, 그리스도를 따르기로 결심한 수도자들이 스스로 응답한 삶에 더욱 충실하게 하시며 가난, 정결, 순명의 복음 권고에 따라 이 세상의 빛과   소금이 되게 하소서."
185,2, 공직자들을 위하여 기도합시다.,"주님, 국민들을 위하여 봉사의 직무를 맡은 이 나라 공직자들이  자신의 이익에만 집착하지 말고 모든 사람의 이익을 위하여 성실히   일하도록 도와주소서."
186,3, 장애인들을 위하여 기도합시다.,"주님, 몸과 마음의 장애로 어려움을 겪고 있는 이들을 특별히 돌보아 주 시고 많은 봉사자와 은인을 보내주시어 재활의 의지를 키우고 열심히   살아갈 수 있도록 은총 주소서."
187,4, 농민들을 위하여 기도합시다.,"주님, 무더위 속에서도 쉬지 않고 땀 흘리는 농민들을 돌보시어  풍성히 수확할 수 있도록 도와주시고  농민들이 주님의 은총에 감사하며 기쁘게 살 수 있도록 이끌어주소서."
188,1, 교황님을 위하여 기도합시다.,"주님, 하느님의 온 백성을 다스리는 교황 요한 바오로Ⅱ세를 위하여 기도 하오니 맡겨진 양떼를 영원한 생명으로 이끌 수 있도록 지혜와 사랑을 주 소서."
189,2, 세계 지도자들을 위하여 기도합시다.,"주님, 이 세상을 돌보시어 세계의 모든 지도자가 서로 이해하고 협력함으로써 평화로운 세계를 이룩하도록 이끌어주소서."
190,3, 부부들을 위하여 기도합시다.,"주님, 혼인성사의 은혜로 결합된 부부들이 그들의 사랑과 믿음을 바탕으 로 더욱더 일치하여 화목한 가정을 이룰 수 있도록 도와주소서."
191,4, 우리 자신을 위하여 기도합시다.,"주님, 그리스도를 믿고 그분의 말씀을 따라 살아가는 저희가 더욱 큰   신뢰와 감사의 마음으로 이웃에게 사랑의 계명을 실천하게 하소서."
192,1, 사제들을 위하여 기도합시다.,"주님, 그리스도의 제자로서 양떼를 보살피는 사제들이 잘못을 저지르는형제들을 올바른 길로 이끌 수 있도록 지혜와 용기를 주소서."
193,2, 공직자들을 위하여 기도합시다.,"주님, 국민을 위하여 봉사의 직무를 맡은 이 나라 공직자들이 자신의  이익에만 집착하지 않고 자신의 본분을 깨달아 국민을 위하여  헌신할 수 있도록 도와주소서."
194,3, 굶주림에 허덕이고 있는 사람들을 위하여 기도합시다.,"주님, 아직도 많은 사람이 굶주림에 허덕이고 있사오니  저희가 가진 것을 나누며, 그들과 함께 살아갈 수 있도록 도와주소서."
195,4, 우리 자신을 위하여 기도합시다.,"주님, 저희가 목숨을 바쳐 신앙을 지킨 순교자들을 본받아  주님의 진리를 온 세상에 전할 수 있도록 도와주소서."
196,1, 교회의 봉사자들을 위하여 기도합시다.,"주님, 교회 공동체를 위하여 봉사하는 모든 사람에게 복을 주시고  그들이 언제나 자신이 맡은 일을 충실히 수행할 수 있도록 도와주소서."
197,2, 세계 지도자들을 위하여 기도합시다.,"주님, 세계의 모든 지도자가 증오와 대결에서 벗어나 화해와 사랑으로써, 주님께서 바라시는 진정한 평화를 이룩하도록 은총 주소서."
198,3, 고통받는 사람들을 위하여 기도합시다.,"주님, 온갖 고통에 신음하고 있는 사람들에게 꿋꿋이 살아갈 수 있는   희망과 용기를 주시고 저희가 그들의 고통을 함께 아파하며 나눌 수   있게 하소서."
199,4, 교리교사들을 위하여 기도합시다.,"주님, 교회의 모든 교리교사를 돌보시어 그들이 언제나 주님을 사랑하고  자신들이 맡은 복음 선포의 직분을 성실히 수행하게 하소서."
200,1, 교회를 위하여 기도합시다.,"주님, 교회가 세상의 어떠한 어려움에도 굽히지 않고 그리스도의 뜻을  따라 충실히 살아갈 수 있도록 힘과 용기를 북돋아 주소서."
201,2, 평신도들을 위하여 기도합시다.,"주님, 가정과 사회 안에서 하느님 나라를 위하여 살아가는 저희에게  주님의 슬기와 용기를 주시어, 맡은 일에 정성을 다하게 하소서."
202,3, 병자들을 위하여 기도합시다.,"주님, 온갖 질병으로 괴로워하고 있는 이들을 위로하여 주시고  그들이 하루빨리 나아서 주님을 증언할 수 있도록 도와주소서."
203,4, 냉담자들을 위하여 기도합시다.,"주님, 주님을 외면한 채 살아가는 이들이 주님의 따뜻한 사랑을 깨닫고주님의 품으로 돌아와 참된 신앙의 기쁨을 누리게 하소서."
204,1, 선교사들을 위하여 기도합시다.,"주님, 주님께서 부르시는 곳 어디든지 달려가는 모든 선교사에게 복을 주 시어 그들이 자신에게 주어지는 모든 것에서 주님을 느끼고 더욱 깊이 사 랑하며 맛들이는 삶을 살게 하소서."
205,2, 정치인들을 위하여 기도합시다.,"주님, 이 나라의 모든 정치인이 자신의 이익보다는 가난하고 고통받는   사람들의 어려움을 먼저 살피게 하시어 이 땅에 정의와 평화의 나라를   세울 수 있도록 도와주소서."
206,3, 버림받은 사람들을 위하여 기도합시다.,"주님, 사회와 이웃의 무관심으로 버려진 이들을 주님께서 몸소 보살펴 주 시고 저희가 그들에게 다가갈 수 있도록 도와주소서."
207,4, 해외 교포 신자들을 위하여 기도합시다.,"주님, 고국을 떠나 새로운 문화에 적응하며 열심히 신앙생활을 하는 이들 과 함께 하시어 그들이 언제나 주님께 의지하며 기쁘게 살게 하소서."
208,1, 군종사제들을 위하여 기도합시다.,"주님, 군인들의 신앙생활을 이끄는 군종 사제들을 보살펴 주시어  이들이 착한 목자로서 자신에게 주어진 몫을 충실히 이행하게 하소서."
209,2, 우리 나라 군인들을 위하여 기도합시다.,"주님, 국방의 의무를 수행하고 있는 이 나라 모든 장병을 위하여 기도하 오니 이들에게 건강한 몸과 마음을 주시어 조국의 참된 평화를 위하여   맡은 바 임무에 충실하게 하소서."
210,3, 반목과 불화 속에 살아가는 사람들을 위하여 기도합시다.,"주님, 작은 오해 때문에 서로 미워하며 살아가는 사람들이 많사오니  이들에게 사랑과 화해의 기운을 불어넣어 주시어 서로 용서하고 이해함으 로써 모두 한 형제로 화목하게 살아가도록 도와주소서."
211,4, 지역사회를 위하여 기도합시다.,"주님, 저희 마을의 모든 사람이 서로 이해하고 존중하며, 가진 것을 함께 나눔으로써 사랑과 기쁨이 가득한 사회를 만들어가게 하소서."
212,1, 성직자들을 위하여 기도합시다.,"주님, 그리스도를 따르고자 노력하는 모든 사제의 마음을 새롭게 하시어  언제나 그리스도의 마음으로 신자들을 위해 봉사하며 살아가게 하소서."
213,2, 우리 나라를 위하여 기도합시다.,"주님, 이 나라가 경제 발전 속에서도 빈부의 격차로 혼란을 거듭하고 있 사오니 저희에게 그리스도의 참사랑을 심어주시어 모두 함께 행복하고  평화롭게 살게 하소서."
214,3, 세상을 떠난 사람들을 위하여 기도합시다.,"주님, 이 세상을 떠난 모든 이에게 자비를 베푸시어 주님의 나라에   받아들이시고 영원한 안식을 누리게 하소서."
215,4, 냉담자들을 위하여 기도합시다.,"주님, 생활에서 겪는 여러 가지 어려움으로 신앙생활을 열심히 하지 못하 는 사람들의 마음속에 새로운 열정을 심어주시어 주어진 여건에서 믿음을 더욱 성장시켜 나갈 수 있게 하소서."
216,1, 교황님을 위하여 기도합시다.,"주님, 그리스도의 대리자로서 온 세상에 구원의 복음을 전하는  교황 요한 바오로Ⅱ세에게 지혜와 건강을 주시어 주님께서 맡기신  선교사명을 충실히 수행하게 하소서."
217,2, 세계 평화를 위하여 기도합시다.,"주님, 이기심으로 얼룩져 있는 인류가 주님의 뜻을 따라 살아가며   평화로운 세상을 만드는 데 더욱 힘쓰게 하소서."
218,3, 고통받는 사람들을 위하여 기도합시다.,"주님, 부당하게 고통받는 사람들을 돌보시어 그들이 모든 억압과 고통에 서 벗어나 하루빨리 참된 해방의 기쁨을 맛볼 수 있도록 도와주소서."
219,4, 본당 공동체를 위하여 기도합시다.,"주님, 저희 본당 신자들이 그리스도의 사랑을 본받아 서로 아끼고 위하는 마음으로 이웃과 사회에 참사랑과 평화를 드러내게 하소서."
220,1, 선교 활동을 하는 사람들을 위하여 기도합시다.,"주님, 세계 곳곳에서 선교 활동에 참여하는 사람들과 선교사들을 위하여 기도하오니 그들의 노력이 좋은 결실을 이루게 하여주시고 저희도 그들과   함께 그리스도의 사랑을 온 세상에 전파하게 하소서."
221,2, 평신도들을 위하여 기도합시다.,"주님, 가정과 사회에서 복음에 따라 살아가는 모든 평신도가 세상의  어떠한 어려움 가운데서도 굳건한 믿음을 지켜 사도직을 충실히  수행하게 하소서."
222,3, 불우한 이웃을 위하여 기도합시다.,"주님, 현대의 풍요로움 속에서도 물질적인 가난 때문에  인간의 존엄성을 위협받고 있는 이웃이, 저희의 도움으로  기쁘고 밝게 살아갈 수 있도록 은총 주소서."
223,4, 하느님을 모르는 체하는 사람들을 위하여 기도합시다.,"주님, 아직도 주님을 따르지 않는 이들에게 복음을 받아들일 수 있는  은혜를 내리시어 그들도 저희와 함께 참된 행복과 기쁨을 누리게 하소서."
224,1, 교회의 지도자들을 위하여 기도합시다.,"주님, 교회의 모든 지도자가 그리스도를 본받아참다운 봉사자로서   주님의 백성을 올바로 이끌 수 있도록 지혜와 힘을 주소서."
225,2, 사회의 지도자들을 위하여 기도합시다.,"주님, 사회 각계의 지도자들이 자신의 이익과 명예만을 찾지 않고  버림받고 비천한 사람들을 사랑할 수 있도록 그들 마음에 주님의 사랑을 심어주소서."
226,3, 세상을 떠난 사람들을 위하여 기도합시다.,"주님, 저희와 함께 살다가 먼저 세상을 떠난 교우들에게 주님의 자비와사랑을 베푸시어, 영원한 안식을 누리게 하소서."
227,4, 홍보 매체와 컴퓨터의 올바른 사용을 위하여 기도합시다.,"주님, 홍보 매체 종사자들이 홍보 수단과 컴퓨터 기술을 양심적으로 활용 함으로써 현대인들에게 그리스도교의 가치를 올바로 전할 수 있도록   도와주소서."
228,1, 교황님을 위하여 기도합시다.,"주님, 주님께서 뽑으신 교황 요한 바오로 Ⅱ세에게  주님의 지혜와 건강을 주시어, 그리스도 말씀을 따라  양떼를 올바른 길로 이끌 수 있도록 은총 주소서."
229,2, 조국 통일을 위하여 기도합시다.,"주님, 남북으로 갈라진 이 나라가 하루빨리 통일이 되게 하시어  이 땅에 진정한 평화가 흘러 넘치게 하소서."
230,3, 병자들을 위하여 기도합시다.,"주님, 온갖 질병으로 신음하고 있는 이들을 주님께서 몸소 위로하여   주시고 그들이 하루빨리 나아서 감사하는 마음으로 주님을  찬미하게 하소서."
231,4, 수험생들을 위하여 기도합시다.,저희가 바라는 것보다 언제나 더 많은 것을 주시는 주님.  시험을 앞둔 학생들이 노력한 만큼 열매를 맺게 하시어  그들이 뜻하는 바람이 이루어지게 하소서.
232,1, 평신도들을 위하여 기도합시다.,"주님, 가정과 사회 안에서 하느님 나라를 위하여 살아가는 저희에게  주님의 슬기와 용기를 주시어 각자가 맡은 일을 성실히 수행하도록  도와주소서."
233,2, 정치인들을 위하여 기도합시다.,"주님, 이 나라 정치인들에게 사람을 극진히 사랑하는 마음을 심어주시어  그들이 모든 것에 앞서 인간 존엄성을 소중히 여기며 모든 국민을  위한 바른 정치를 펴도록 도와주소서."
234,3, 장애인들을 위하여 기도합시다.,"주님, 몸이 불편한 장애인들을 위하여 기도하오니 그들의 마음을 주님의 사랑으로 가득 채워주시고 저희가 그들의 고통을 함께 나눌 수 있도록   도와주소서."
235,4, 본당 공동체를 위하여 기도합시다.,"주님, 본당 신자들이 주님의 참사랑을 깨달아  서로 사랑하고 하나 될 수 있도록 도와주소서."
236,1, 교회를 위하여 기도합시다.,"주님, 교회가 삶의 진정한 의미를 잃어버린 많은 현대인에게  희망과 용기를 북돋아 줄 수 있도록 도와주소서."
237,2, 세계 평화를 위하여 기도합시다.,"주님, 온 세상 사람들이 서로 용서하고 사랑하며  참 평화를 누리게 하소서."
238,3, 우리 자신을 위하여 기도합시다.,"주님, 오늘부터 시작되는 성서주간에  저희가 모두 주님의 말씀을 듣고 그 들은 것을 충실히 실천할 수 있도록  풍부한 은총을 내려주소서."
239,4, 오늘 축일을 맞은 저희 본당을위하여 기도합시다.,"주님, 오늘 주님께서 이곳 영월에 교회를 세우신지 50년이 되었습니다. 주님의 뜻에 합당한 본당이 됨으로서 당신 사랑과 말씀을 이웃에 전하는 믿음의 본당이 되게 하시고 본당의 모든 신자들은 일치를 이루어 주님께서 하시는 모든 사업에 도구 되는 삶을 살도록 도와주소서."
240,1, 교회의 지도자를 위하여 기도합시다.,"주님, 교회의 지도자들이 인류구원을 위하여 고난을 받고 돌아가신 그리스 도를 따라 어떠한 어려움도 이겨내며 살아갈 수 있도록 지혜와 힘을 주소서."
241,2, 우리나라를 위하여 기도합시다.,"주님, 남북으로 갈라져 살아가는 저희 민족을 돌보시어 이 나라가 하루 빨리 평화통일을 이루어 삶의 기쁨도 함께 누릴 수 있도록 도와주소서."
242,3, 선조들을 위하여 기도합시다.,"주님, 조상을 기억하는 명절을 맞아 이미 세상을 떠난 저희 선조 들을 위하여 기도하오니, 이 세상에서 희로애락을 겪던 그들이 하느님 나라에서는 영원한 평화만을 누리게 하소서."
243,4, 부모님을 위하여 기도합시다.,"주님, 온갖 정성으로 저희를 돌보시는 부모들을 위하여 간절히 기도하오니 대가를 바라지 않고 베푸는 그들의 사랑을 저희 모두 깊이 깨닫고 그 사랑을 저 버리는 말과 행동은 결코 하지 않도록 언제나 저희를 이끌어 주소서."
244,1, 교회를 위하여 기도합시다.,"주님, 주님의 교회가 성전에 봉헌되신 예수님을 본받아 겸손한 마음으로 그 분의 뜻을 충실히 따르는 세상의 빛과 소금이 되게 하소서."
245,2, 선교사들을 위하여 기도합시다.,"주님, 오직 주님의 영광을 위하여 머나먼 낯선 땅에서 어려움을 겪고 있는 선교사들을 위하여 간절히 청하오니, 그들의 수고를 자유로이 받아들이시어 그리스도의 말씀이 온 세상에 퍼지게 하소서."
246,3, 성직자와 수도자들을 위하여 기도합시다.,"주님, 몸과 마음을 오롯이 주님께 봉헌한 성직자와 수도자들이 오늘의 깊은 뜻을 되새겨 언제나 봉헌하는 삶을 살게 하시고 그들의 길을 빛과 은총으로 이끄시어 그들이 뜻한 모든 것을 주님 안에서 이룰 수 있도록 도와주소서."
247,4, 병자들을 위하여 기도합시다.,"주님, 병으로 고통을 겪는 사람들 곁에 늘 함께 하시어 그들이 주님께서 겪으신 고통을 생각하여 자신들의 괴로움을 잘 이겨 낼 수 있도록 도와주소서."
248,1, 교회를 위하여 기도합시다.,"주님, 믿음과 순명으로 구세주의 어머니가 된 마리아를 공경하며, 축일을 지내는 교회를 축복하여 주시고 교회가 마리아를 본받아 온 세상에 구원의 기쁜 소식을 알리게 하소서."
249,2, 우리나라를 위하여 기도합시다.,"주님, 온갖 시련과 고난을 겪어온 이 나라를 보살펴 주시어 모든 국민이 한마음 한 뜻으로 살아가도록 도와주시고 이 땅에 사랑과 평화가 흘러 넘치게 하소서."
250,3, 고아들을 위하여 기도합시다.,"주님, 부모 없이 세상을 살아가고 있는 아이들이 많은 어려움과 고통에도 쓰러지지 않도록 보살펴 주시고 저희 또한 그리스도 안에서 그들과 한 형제임을 깨달아 따뜻한 사랑으로 그들을 돌볼 수 있도록 도와주소서."
251,4, 부모님을 위하여 기도합시다.,"주님, 부모들을 위하여 기도하오니 그들이 자녀들의 효도로 섬김을 받으며 언제나 즐거워하고 건강한 몸과 마음으로 그리스도를 찬미하며 남은 삶을 잘 살 수 있게 하시고 이미 세상을 떠난 부모에게는 하느님 나라의 영원한 행복을 누리는 은총을 주소서."
252,1, 북한 교회를 위하여 기도합시다.,"주님, 주님을 모시지 못하는 북한의 신자들이 온전한 자유 속에서 주님을 섬길 수 있는 날이 하루 빨리 오도록 도와주소서."
253,2, 우리나라를 위하여 기도합시다.,"주님, 저희의 간절한 소망인 평화통일이 하루 빨리 이루어지게 하시어 이 땅에 진정한 평화가 오게 하소서."
254,3, 실직자들을 위하여 기도합시다.,"주님, 일자리를 잃고 방황하는 사람들을 위하여 기도하오니 그들이 하루빨리 자신에게 맞는 일자리를 찾아 가족과 함께 기쁜 마음으로 주님을 찬미할 수 있도록 도와주소서."
255,4, 우리자신을위하여 기도합시다.,"주님, 주님을 따르는 저희가 요한 세례자처럼 굳은 믿음으로 올바른 정의 수호에 앞장서는 진정한 그리스도인이 될 수 있도록 도와주소서."
256,1, 북한교회를 위하여 기도합시다.,"주님, 분단 후 지금까지 신앙의 어둠에 있는 북한교회 형제들을 돌보시어 그들이 어떠한 어려움에 부딪치더라도 믿음과 희망과 사랑으로 살아가도록 보호하여 주소서."
257,2, 민족의 화해와 일치를 위하여 기도합시다.,"주님, 분단의 슬픔을 안고 살아가는 저희 민족을 불쌍히 여기시어 하루빨리 서로 화해하고 일치하여 한 형제 되는 기쁨을 누릴 수 있도록 도와주소서."
258,3, 민족상잔의 비극으로 숨져간 사람들과 유가족들을 위하여 기도합시다.,"주님, 죽은 라자로를 살리고 위로하신 주님, 6.25 동란이라는 민족상잔의 비극으로 숨져간 사람들에게 영원한 생명을 주시고 유가족들에게는 주님의 위로를 베풀어주시며 천만 이산가족들의 아픔도 기억하시어 그들이 가족을 만날 수 있도록 도와주소서."
259,4, 한반도의 평화와 세계평화를 위하여 기도합시다.,"주님, 참된 평화의 샘이신 주님, 갈라진 민족의 통일을 간절히 바라는 저희의 기도를 들으시어 이 땅에 평화를 주시고 이것으로서 세계 평화의 새로운 희망도 싹트게 하소서."
260,1, 교황님을 위하여 기도합시다.,"주님, 교회의 최고 사도인 교황 요한 바오로 2세에게 두 사도와 같은 선교의 열정을 심어주시어 그리스도의 사랑과 평화를 온 세상에 널리 알릴 수 있도록 지혜와 건강을 주소서."
261,2, 그리스도를 모르는 위하여 기도합시다.,"주님, 아직도 그리스도를 모르고 사는 사람들이 많사오니 그들이 빨리 주님의 사랑과 진리를 깨달아 주님을 찬미할 수 있게 하시고 저희가 그들에게 복음을 전할 수 있도록 지혜와 용기를 주소서."
262,3, 정의를 실천하다가 고통받는 사람들을 위하여 기도합시다.,"주님, 옳은 일을 하다가 박해받는 사람들을 주님께서 몸소 위로 하시고 어떠한 어려움에도 그들이 뜻을 굽히지 않고 꿋꿋하게 살 아갈 수 있도록 힘과 용기를 주소서."
263,4, 어린이들을 위하여 기도합시다.,"주님, 어린이들이 건강한 몸과 마음으로 주님을 찬미하며 온전히주님 안에서 티없이 자랄 수 있도록 은총 주소서."
264,1, 교회를 위하여 기도합시다.,"주님, 그리스도의 어머니이신 마리아를 공경하며 축일을 지내는 교회에 복을 내려 주시고, 오롯한 마음으로 하느님 뜻에 순종하신 마리아를 본받아 인류구원 사업에 몸 바치게 하소서."
265,2, 광복절을 맞아 우리나라를 위하여 기도합시다.,"주님, 많은 어려움을 겪어온 저희를 저버리지 않으시고 언제나 따뜻하게 보호해 주신 마리아께 감사하며 주님께 청하오니, 저희가 간절히 바라는 평화통일이 하루빨리 이루어 질 수 있도록 자비를 베풀어주소서."
266,3, 감옥에 갇힌 이들을 위하여 기도합시다.,"주님, 감옥에 갇힌 모든 사람들이 하루 빨리 가족과 사회의 품으로 돌아올 수 있도록 자비를 베풀어주시고, 저희는 감옥에 갇혀있는 이들을 돌보는 따뜻한 이웃이 되게 하소서."
267,4, 전쟁 피해자를 위하여 기도합시다.,"주님, 전쟁으로 피해를 입어 고통받는 모든 사람을 위로하시고, 그들의 고통을 가없이 여기시어 다시는 이러한 전쟁이 일어나지 않도록 보살펴 주소서."
268,1, 교회를 위하여 기도합시다.,"주님, 교회가 마음의 문을 활짝 열고 영원한 생명을 주시는 주님 말씀에 귀기울일 수 있도록 도와주시고 들은 바를 실천하게 하소서."
269,2, 실향민들을 위하여 기도합시다.,"주님, 민족의 가장 큰 명절인 오늘 떠나온 고향에 가지 못하는 실향민들을 위로하시고 하루 빨리 통일이 이루어져 그들이 기쁜 마음으로 고향을 찾을 수 있게 하소서."
270,3, 세상을 떠난 조상들을 위하여 기도합시다.,"주님, 후손들에게 더 나은 세상을 물려주기 위하여 온갖 어려움을 견디어내며 이 세상을 살다가 떠난 조상들을 하느님 나라의 행복으로 이끌어 주소서."
271,4, 농민들을 위하여 기도합시다.,"주님, 한해 동안 땀 흘려 일하는 농민들에게 복을 내리시어 더욱 풍성한 열매를 맺게 하시고 그들 노력에 알맞는 대가를 받을 수 있도록 도와주소서."
272,1, 교회를 위하여 기도합시다.,"주님, 지상의 나그네인 교회가 하느님 나라를 향해 나아가는 이 길에서 미리 그곳의 행복을 맛보며 즐거워하게 하소서."
273,2, 냉담자들을 위하여 기도합시다.,"주님, 주님을 알면서도 외면하며 살아가고 있는 이들이 많사오니 이들이 생명이신 주님을 바로 알아보고 주님의 품안으로 돌아올 수 있도록 도와주소서."
274,3, 병자들을 위하여 기도합시다.,"주님, 몸과 마음에 병이 들어 아파하는 이들을 위로하여 주시고 그들이 하루빨리 병을 이겨내어 건강한 모습으로 가족들과 함께 기쁜 생활을 할 수 있도록 도와주소서."
275,4, 세상을 떠난 사람들을 위하여 기도합시다.,"주님, 이미 세상을 떠난 모든 이를 위하여 특별히 청하오니 이 세상에서 저지른 그들의 잘못을 보지 마시고 하느님의 자비와 사랑으로 그들을 따뜻이 받아주시어 하느님 나라에 영원히 들게 하소서."
276,1, 사회의 지도자들을 위하여 기도합시다.,"주님, 이 사회의 지도자들이 깨끗하고 정의로운 생활로 모든 이의 모범이 될 수 있도록 언제나 어디서나 그들을 이끌어 주소서."
277,2, 스승님들을 위하여 기도합시다.,"주님, 저희를 가르치는 스승들이 바른 인격과 가치관으로 저희에게 모범을 보이게 하시고 저희는 스승의 가르침을 따라 더욱 더 바르게 살아갈 수 있도록 은총을 베풀어주소서."
278,3, 졸업생들을 위하여 기도합시다.,"주님, 학업을 마치고 사회에 첫발을 내딛는 졸업생들이 스승에게 고마워하며 배움의 터전에서 갈고 닦은 재능을 사회의 좋은 일을 위하여 쓸 수 있도록 이끌어 주소서."
279,4, 부모님들을 위하여 기도합시다.,"주님, 저희를 지금의 모습으로 키워주신 어버이께 감사하며 주님께 청하오니 언제나 건강하고 평안한 나날을 보낼 수 있도록 저희 어버이와 함께 하시고 이미 세상을 떠난 어버이에게는 하늘나라의 기쁨을 주소서."
280,1, 회갑을 맞은 ()을 위하여 기도합시다.,"주님, 성조 아브라함에게 약속하신 축복을 회갑을 맞은 ( )에게도 내리시어 가족에게 존경받고 이웃에게 사랑을 베풀며 늘 주님과 함께 살아갈 수 있도록 도와주소서."
281,2, 가정을 위하여 기도합시다.,"주님, 모든 가정이 주님을 믿으며 화목하게 지내게 하시고 늘 감사하고 기뻐하며 살아가도록 도와주소서."
282,3, 부모님들을 위하여 기도합시다.,"주님, 오늘이 있기까지 저희를 보살펴 준 아버지 어머니에게 은총을 주시어 오래도록 저희의 효도를 받으며 건강하게 살게 하시고 이미 돌아가신 부모들은 하느님 나라의 평안을 누리게 하소서."
283,4, 노인들을 위하여 기도합시다.,"주님, 모든 노인이 늘 주님을 섬기며 기쁜 마음으로 남은 삶을 살아가게 하시고 가까운 친지들의 따뜻한 보살핌으로 행복하게살 수 있도록 은총을 주소서."
284,1, 교회를 위하여 기도합시다.,"주님, 교회의 새로운 한 해가 시작되는 이 시기에 다시 오실 그리스도를 기다리는 교회가 권위주의와 물질 만능의 유혹을 물리치고 늘 깨어 기도하게하소서."
285,2, 우리 나라를 위하여 기도합시다.,"주님, 정치적 경제적으로 어려움과 혼란을 겪고 있는 이 나라에 자비를 베푸시어 모든 국민이 한마음으로 어려움을 이기고 일치와 화합의 정신으로 서로 믿으며 살아가게 하소서."
286,3, 질병으로 고통받는 사람들을 위하여 기도합시다.,"주님, 정신적 육체적 아름으로 고통 당하는 사람들과 함께 하시어 그들이 주님의 사랑으로 아픔을 견디게 하시고 곧 나을 수 있도록 도와주소서."
287,4, 세상을 떠난 사람들을 위하여 기도합시다.,"주님, 저희와 함께 살다가 세상을 떠난 사람들이 주님의 은총으로 이 세상에서 지은 죄를 용서받고 하늘나라의 영원한 안식을 누리게 하소서."
288,1, 성직자들을 위하여 기도합시다.,"주님, 거룩한 직무에 부름 받은 성직자들이 다시 오실 그리스도를 맞이하기위하여 말과 행동으로 모범을 보이게 하시며 어려운 이 시대에 주님의 정의를 실천하는 참된 목자가 되게 하소서."
289,2," 인권주일을 맞이하여, 인간 존엄성의 회복을 위하여 기도합시다.","주님, 저희에게 사람을 사랑하고 귀하게 여기는 마음을 주시어 주님께서 창조 하신 인간이 온갖 권력과 범죄와 타락의 희생물이 되지 않도록 도와주소서."
290,3, 감옥에 갇힌 이들을 위하여 기도합시다.,"주님, 인간의 순간적인 나약함으로 감옥에 갇힌 모든 이가	진심으로 잘못을 뉘우쳐 그들의 잘못을 용서받고, 새로운 출발을 할 수 있게 하시며 양심수들은 하루빨리 자유를 누리게 하소서."
291,4, 우리 자신을 위하여 기도합시다.,"주님, 대림시기를 지내는 저희가 끊임없이 회개하여 일상 생활 안에서 그리스도의 말씀을 따라 충실히 살아가는 신앙인의 되도록 도와주소서."
292,1, 교황님을 위하여 기도합시다.,"주님, 이 세상 모든 이의 일치와 화해를 위하여 기도하는 교황 요한 바오로2세가 언제나 주님과 일치할 수 있도록 은총을 내려 주소서."
293,2, 세계 평화를 위하여 기도합시다.,"주님, 세계 평화를 위하여 끊임없이 청하는 저희의 기도를 귀여겨들어 주시고 세계 평화를 위협하는 나라들이 평화를 바라는 이 시대의 징표를 알아보게 하소서."
294,3," 자선주일을 맞이하여, 가난한 사람들을 위하여 기도합시다.","주님, 하느님께서 주신 모든 재화를 가난한 이웃과 나누게 하시어 모든 이가 그리스도 안에 한 형제임을 깨닫게 하소서."
295,4, 노인들을 위하여 기도합시다.,"주님, 일생 동안 열심히 일하고 자녀들을기른 그들의 수고를 주님께서 몸소 위로하여 주시고 그들의 삶이 자손들에게 모범이 되게 하시며 자녀들을정성 어린 마음으로 그들을 섬기게 하소서."
296,1, 하느님 백성을 위하여 기도합시다.,"주님, 주님의 거룩한 교회 안에 한 형제인 저희를 축복하시고 세례성사로 받은 신앙을 말씀 안에서 맛들이며 충실히 키워가게 하소서."
297,2, 우리 나라의 통일을 위하여 기도합시다.,"주님, 민족 분단으로 아픔을 안고 살아가는 이 나라 국민을 위로하시고 남북한 위정자들에게 일치의 성령을 보내주시어 그들이 통일을 위하여 온 힘을 다하게 하소서."
298,3, 집 없는 사람들을 위하여 기도합시다.,"주님, 보금자리가 없는 이들의 마음을 풍요롭게 하시며 주님의 사랑으로 지금 겪고 있는 어려움을 이겨내게 하시고 하루빨리 집을 마련할 수 있도록 은총 주소서."
299,4, 지역사회 발전을 위하여 기도합시다.,"주님, 저희가 살고 있는 이 생활 공동체가 하느님께서 주신 본래 모습을 간직하며 다 함께 행복하게 살수 있도록 도와주소서."
300,1, 교회를 위하여 기도합시다.,"주님, 구유에 누운 연약한 아기의 모습으로 구세주를 보내주셨으니 교회가힘없고 보잘것없는 이들 안에서 그리스도를 발견하고 온 세상에 구원의 기쁜 소식을 전하게 하소서."
301,2, 온 세상 사람들을 위하여 기도합시다.,"주님, 어둠 속을 헤매는 백성에게 큰 빛을 주셨으니 저희가 불신과 분열의어둠을 이기고 믿음과 평화가 가득한 밝은 세상을 이룩할 수 있도록 도와주소서."
302,3, 가난한 사람들을 위하여 기도합시다.,"주님, 보잘것없이 여겨지던 목동들에게 구원의 기쁜 소식을 먼저 알려주셨듯이 가난한 이들에게 성탄의 기쁨을 주시고, 저희를 깨우쳐주시고 저희가그들 안에서 주님을 알아뵐 수 있도록 하시며 가진 것을 나눔으로써 이 기쁨을 더욱 키워가게 하소서."
303,4, 새 영세자들을 위하여 기도합시다.,"주님, 세례성사로 새로이 탄생한 새 영세자들에게 은총을 베푸시어 그들이변하지 않는 믿음으로 그리스도를 본받아 충실히 살아가게 하소서."
304,1, 북한 교회를 위하여 기도합시다.,"주님, 신앙의 자유를 박탈당하고 성사의 은총을 누리지 못하는 북한 교회 형제들을 돌보아 주시고, 이념과 체제의 장벽을 뛰어넘어 아기 예수님 탄생의 기쁨을 함께 누릴 수 있도록 도와주소서."
305,2, 정치인들을 위하여 기도합시다.,"주님, 이 나라 정치인들이 권력과 금력의 헛된 추구에서 마음을 돌려 가난하게 오신 그리스도를 본받아 국민을 위하는 진정한 봉사자가 되게 하소서."
306,3, 버림받은 사람들을 위하여 기도합시다.,"주님, 사회와 이웃의 무관심으로 버려진 이들을 보살피시어	그들에게 영원한 희망을 주시고 저희 모두 진실한 마음으로 그들과 함께 할 수 있게 하소서."
307,4, 그리스도를 믿지 않은 이들을 위하여 기도합시다.,"주님, 아직 신앙의 빛을 보지 못한 이들에게 진리의 성령을 보내주시어 신앙 안에서 새로운 삶을 이루게 하시고 언제나 감사와 찬미를 드리며 생활하게 하소서."
308,1, 교회를 위하여 기도합시다.,"주님, 영적으로 메마른 이 시대에	교회가 그리스도를 따르는 참된 기쁨과평화를 보여주게 하시어 가난하고 소외된 이들이 즐겨 찾는 사랑의 공동체가 되게 하소서."
309,2, 세계 평화를 위하여 기도합시다.,"주님, 구세주를 보내시어 인류에게 평화를 주셨으니 분쟁이 끊일 날이 없는이 세계에 평화가 깃들이게 하시고 평화를 위하여 일하는 모든 사람에게  지칠 줄 모르는 힘과 용기를 주소서."
310,3, 고아들을 위하여 기도합시다.,"주님, 부모의 보살핌 없이 자라는 고아들을 특별히 돌보아 주시어 그들이 온갖 어려움을 헤치고 밝게 커 나갈 수 있도록 도와주소서."
311,4, 가정을 위하여 기도합시다.,"주님, 저희 모든 가정이 성가정을 본받아 서로 감싸주고 이해하며 언제나 감사와 기쁨이 가득한 행복의 보금자리를 이루게 하소서."
312,1, 교회를 위하여 기도합시다.,"주님, 교회가 변화하는 현대 세계에 참으로 필요한 것을 찾아내어 이 세상에 하늘나라를 앞당겨 실현하게 하소서."
313,2, 세계 평화를 위하여 기도합시다.,"주님, 그리스도께서 세상에 가져오신 평화를 위하여 일하는 모든 사람에게복을 주시고 그들이 참된 정의와 용서를 실천하게 하시어 인류 공동체에 평화가 깃들이게 하소서."
314,3, 어머니들을 위하여 기도합시다.,"주님, 모든 어머니가 믿음과 순명의 모범인 성모 마리아를 본받게 하시며 사랑과 생명의 보금자리인 가정을 잘 이끌어갈 수 있도록 도와주소서."
315,4, 조상들을 위하여 기도합시다.,"주님, 이미 세상을 떠난 선조 들이 이 세상에서 지은 모든 죄를 용서받고 모든 성인과 함께 하늘나라의 행복을 누리게 하소서."
316,1, 하느님 백성을 위하여 기도합시다.,"주님, 주님의 백성이 온 인류의 구세주로 모습을 드러내신 예수님께 참된 경배를 드리며 진실한 말과 행실로 구원의 빛이 되게 하소서."
317,2, 위정자들을 위하여 기도합시다.,"주님, 국가에 봉사하는 위정자들이 하느님 뜻에 맞는 진리와 정의를 위하여일하게 하시어 국민들에게 신뢰와 존경을 받게 하소서."
318,3, 고통받는 사람들을 위하여 기도합시다.,"주님, 정신적 육체적 아픔으로 고통받는 이들의 바람을 들어주시고 저희가그들의 아픔을 함께 하며 그 안에서 그리스도를 발견할 수 있게 하소서."
319,4, 그리스도를 믿지 않는 사람들을 위하여 기도합시다.,"주님, 그리스도께서 참된 진리의 샘이심을 깨달을 수 있도록 많은 사람의 마음을 열어주시고 그들이 하루빨리 신앙의 빛을 보게 하소서."
320,1, 예비신자들을 위하여 기도합시다.,"주님, 참된 진리를 찾아 교회에 온 에비신자들이 교회 안에서 구원의 진리를 발견하며 그리스도의 지체로서 충실히 살아가게 하소서."
321,2, 공직자들을 위하여 기도합시다.,"주님, 국민을 위하여 일하는 이 나라 공직자들이 해야 할 일을 바로 알게 하시어 국민에게 도움이 되는 일에 최선을 다하게 하소서."
322,3, 가난한 사람들을 위하여 기도합시다.,"주님, 굶주림으로 고통받는 이웃을 주님께서 위로해 주시고 저희에게 그리스도의 사랑을 실천하는 마음을 주시어 저희가 가진 것을 그들과 나누게 하소서."
323,4, 우리 자신을 위하여 기도합시다.,"주님, 물과 성령으로 다시 태어난 저희가 성체성사로 새로운 힘을 얻어 사랑의 공동체를 이루며 살아가도록 도와주소서."
324,1, 교회의 지도자들을 위하여 기도합시다.,"주님, 교회의 지도자들이 인류 구원을 위하여 고난을 받으시고 돌아가신 그리스도를 본받아 살아갈 수 있도록 지혜와 힘을 주소서."
325,2, 공직자들을 위하여 기도합시다.,"주님, 공직을 맡고 있는 사람들이자신들의 명예나 이익을 구하지 않고 모든 이의 이익을 위하여 봉사하게 하소서."
326,3, 부모님들을 위하여 기도합시다.,"주님, 자신의 아픔보다 자녀들의 아픔에 더 마음을 쓰는 저희 부모와 함께하시어 그들이 언제나 건강하고 즐겁게 살아갈 수 있도록 은총을 베풀어 주시고, 저희는 부모의 사랑에 감사하고 그 은혜에 보답하는 자녀가 되게 하소서."
327,4, 우리 자신을 위하여 기도합시다.,"주님, 사순 시기를 맞는 모든 그리스도인이 날마다 희생과 봉사 정신으로 살아갈 수 있도록 이끌어주소서."
328,1, 하느님 백성을 위하여 기도합시다.,"주님, 그리스도를 믿고 따르는 백성이 하느님의 말씀인 성서를 생명의 양식으로 삼아 이 세상 온갖 우상의 노예가 되지 않도록 연약한 믿음을 더욱 굳게 하여주소서."
329,2, 세계 평화를 위하여 기도합시다.,"주님, 평화를 간절히 바라는 저희의 기도를 귀여겨들어 주시어 모든 나라가인류의 평화와 복지 실현에 협력할 수 있도록 이끌어주소서."
330,3, 고통받는 사람들을 위하여 기도합시다.,"주님, 이 세상에서 갖가지 모습으로 고통받는 이들이 주님을 믿음으로써 용기를 얻어 살아갈 수 있도록 도와주시고 또한 저희가 따뜻한 손길로 그들에게 봉사하는 정다운 이웃이 되게 하소서."
331,4, 본당 공동체를 위하여 기도합시다.,"주님, 본당에서 주님의 일에 봉사하는 신자들에게 복을 내려주시고 그들이화목한 분위기에서 주어진 사명에 충실하게 하시어 본당 발전에 이바지하게하소서."
332,2, 북한 교회를 위하여 기도합시다.,"주님, 아직도 신앙의 자유와 성사의 은총을 누리지 못하는 북한형제들을 돌보아주시고 그들이 지금까지 키워온 믿음을 굳게 지킬 수 잇도록 도와 주 소서."
333,3, 가난한 이웃을 위하여 기도합시다.,"주님, 꼭 필요한 것까지도 얻을 수 없는 가난한 이들을 돌보시어 그들이 마음의 풍요까지 잃지 않도록 도와주시고 저희 모두 형제적 사랑을 나누게하소서."
334,4, 교리교사들을 위하여 기도합시다.,"주님, 교리교사에게 복을 주시어 그들이 그리스도의 말씀을 깨달아 학생들을 올바르게 가르칠 수 있도록 도와주소서."
335,1, 선교사들을 위하여 기도합시다.,"주님, 온 세상을 두루 다니며 복음을 전하라 하신 그리스도의 말씀을 따라 가족과 조국을 떠나 생활하는 선교사들에게 복음을 전하려는 열정을 더해 주시고 모든 이가 그들이 하는 일에 협력하게 하소서."
336,2, 교회의 지도자들을 위하여 기도합시다.,"주님, 교회의 지도자들에게 바른 분별력을 주시어 사랑과 정의로 주님의 뜻을 알리고 실천할 수 있도록 이끌어 주소서."
337,3, 쉬는 교우들을 위하여 기도합시다.,"주님, 세상의 여러 가지 유혹과 어려움으로 교회를 떠난 이들이 주님의 진정한 사랑을 깨닫고 신앙생활의 고귀함과 풍요로움을 새롭게 체험하게 하시어 하루빨리 교회로 돌아오게 하소서."
338,4, 세상을 떠난 사람들을 위하여 기도합시다.,"주님, 세상을 떠난 모든 이가 죄를 용서받고 영원한 하늘나라에 들어가게 하소서."
339,1, 교회를 위하여 기도합시다.,"주님, 교회가 분열이 있는 곳에 일치를 이루고 어둠이 있는 곳에 빛을 밝힘으로써 주님의 진리와 정의를 실현해 나가는 평화의 도구가 되게 하소서."
340,2, 위정자들을 위하여 기도합시다.,"주님, 국가와 국민에게 봉사하는 위정자들에게 주님의 사랑과 진리를 깨우쳐주시어 그들이 맡은 봉사 직분을 성실히 수행할 수 있도록 도와주소서."
341,3, 가정을 위하여 기도합시다.,"주님, 모든 가정이 믿음과 기도의 산 공동체를 이루는 작은 교회가 되게 하시고 이웃과 사회에 기쁨과 행복을 전해 주는 아름다운 보금자리가 될 수 있도록 이끌어주소서."
342,4, 봉사자들을 위하여 기도합시다.,"주님, 가난하고 소외된 이들을 위하여 사랑을 실천하며 말없이 봉사하는 이들에게 사랑과 용기를 심어주소서."
343,1, 교회를 위하여 기도합시다.,"주님, 거룩한 사순 시기를 지내는 교회가 잘못을 뉘우치고 마음을 새롭게 할 수 있도록 이끌어 주시어 그리스도의 수난에 함께 하고 믿음과 희망으로그리스도의 부활을 준비하게 하소서."
344,2, 세계 평화를 위하여 기도합시다.,"주님, 모든 민족이 이기심을 버리고 차별 없이 사랑하며 인류의 평화와 선익을 위하여 함께 일하게 하소서."
345,3, 감옥에 갇힌 이들을 위하여 기도합시다.,"주님, 감옥에 갇힌 사람들이 자신의 잘못을 깊이 뉘우치며 새 삶을 계획하도록 도와주시고 모든 사람이 그들을 편견 없이 받아들일 수 있도록 사랑의마음을 심어주소서."
346,4, 산림 보호를 위하여 기도합시다.,"주님, 저희가 주님께서 창조하신 모든 피조물을 아끼고 돌보게 하시어 자연 안에 드러나는 주님의 섭리를 깨닫게 하소서."
347,1, 사제들을 위하여 기도합시다.,"주님, 사제들이 인류 구원을 위하여 십자가의 죽음을 받아들이신 그리스도를 본받아 현실의 모든 어려움을 이겨내고 그들에게 맡겨진 양들의 구원을위하여 일할 수 있도록 도와주소서."
348,2, 그리스도인들의 일치와 협력을 위하여 기도합시다.,"주님, 모든 신자가 그리스도의 수난과 부활을 생활로써 증언하며 살아가게하시고 서로 대화하고 협력하여, 인류의 공동선에 이바지하도록 도와주소서."
349,3, 고통받는 이웃을 위하여 기도합시다.,"주님, 가난과 질병으로 고통받는 모든 사람에게 주님의 자비를 베풀어주시고 저희가 그들의 고통을 함께 나누고 아파하는 좋은 이웃이 되게 하소서."
350,4, 자녀들을 위하여 기도합시다.,"주님, 모든 자녀에게 주님의 사랑을 깨우쳐주시어 부모의 사랑에 감사하며 밝고 건전하게 자랄 수 있도록 이끌어 주소서."
351,1, 교회를 위하여 기도합시다.,"주님, 그리스도의 부활을 노해하며 기뻐하는 교회가 죽음을 이기고 승리 하신 그리스도의 부활을 온 세상에 알리게 하소서."
352,2, 세계 평화를 위하여 기도합시다.,"주님, 모든 사람이 참 평화의 근원이신 그리스도를 고백하고 증언하게 하시며 세상의 폭력과 거짓을 이기고 승리하신 그리스도의 참 평화를 누리게 하소서."
353,3, 새 영세자들을 위하여 기도합시다.,"주님, 그리스도의 부활을 기념하는 오늘 세계성사로 새롭게 태어난 자녀들이 예수님의 부활을 굳게 믿으며 날마다 새로운 희망으로 살아가게 하소서."
354,4, 세상을 떠난 사람들을 위하여 기도합시다.,"주님, 저희와 함께 살다가 이 세상을 떠난 사람들이 모든 죄를 용서받고 주님과 함께 영원히 살게 하소서."
355,1, 하느님 백성을 위하여 기도합시다.,"주님, 부활의 기쁨을 누리는 하느님 백성이 새 생명력으로 새로워져 온 세상에 복음을 힘차게 증언할 수 있도록 믿음의 은혜를 풍성히 내려주소서."
356,2, 우리 나라를 위하여 기도합시다.,"주님, 민족 분단으로 아픔을 겪고 있는 이 나라에 자비를 베풀어주시고 국민 모두 참된 믿음으로 하나 되어 평화 통일의 길을 걷게 하소서."
357,3, 병고에 시달리는 사람들을 위하여 기도합시다.,"주님, 온갖 질병으로 고통받는 사람들에게 주님의 자비를 베푸시어, 그들이하루빨리 나아 부활하신 그리스도를 증언하며 살아갈 수 있도록 도와주소서."
358,4, 그리스도를 믿지 않는 이들을 위하여 기도합시다.,"주님, 주님을 믿지 않는 이들에게 신앙의 빛을 비추시어 그들도 부활하신 그리스도를 체험하고 저희와 함께 신앙인으로 살아갈 수 있도록 은총 주소서."
359,1, 교회를 위하여 기도합시다.,"주님, 교회가 성서를 통하여 말씀하시는 그리스도의 뜻을 더욱 잘 알아듣고,생활 안에서 실천할 수 있도록 도와주소서."
360,2, 세계 평화를 위하여 기도합시다.,"주님, 평화를 바라는 온 인류의 바람을 들어주시어 이 세상에 미움과 폭력이 사라지고 평화로운 주님의 나라가 이루어지게 하소서."
361,3, 부모님들을 위하여 기도합시다.,"주님, 저희에게 베푼 부모들의 사랑에 감사하며 청하오니 그들이 언제나 건강하여 평안한 나날을 보낼 수 있도록 함께 하여 주시고 이미 세상을 떠난 부모들에게는 하늘나라의 기쁨을 주소서."
362,4, 어린이들을 위하여 기도합시다.,"주님, 모든 어린이가 주님의 지혜와 은총으로 맑고 밝게 자라나게 하시고 특히 보호의 손길이 필요한 어린이들을 돌보아 주시어 하느님의 자녀로서 씩씩하게 자라게 하소서."
363,1, 사제들을 위하여 기도합시다.,"주님, 거룩한 사제직에 부름받은 사제들이 오롯한 마음으로 그리스도를 따를 수 있도록 세상의 유혹에서 지켜 주시고 특별한 은총을 내려 주소서."
364,2, 성소자들을 위하여 기도합시다.,"주님, 젊은이들에게 믿음의 열정을 일으켜 주시어 사제 성소와 수도 성소에부르시는 주님의 초대를 기쁘게 받아들일 수 있도록 용기를 주소서."
365,3, 농민들을 위하여 기도합시다.,"주님, 많은 사람들이 농촌을 떠났지만 아직도 땅을 지키고 살아가는 모든 농민에게 복을 내려 주시고 그들이 성실히 땀 흘리고 풍성히 수확하여 안정된 생활을 할 수 있도록 도와주소서."
366,4, 교육자들을 위하여 기도합시다.,"주님, 모든 교육자가 주님께서 주신 교육자의 길을 보람과 긍지를 지니고 성실히 걸어갈 수 있도록 풍성한 지혜와 용기를 주소서."
367,1, 하느님 백성을 위하여 기도합시다.,"주님, 이 세상을 순례하는 주님의 백성에게 바른 신앙을 주시어 그릇된 것에 진리의 빛을 비추는 등불이 되게 하소서."
368,2, 정치인들을 위하여 기도합시다.,"주님, 모든 정치인에게 바른 마음과 지혜의 은총을 주시어 국민을 위하여 평화로운 국가를 이루는데 최선을 다하게 하시고 특히 물질의 유혹에 빠지지 않게 하소서."
369,3, 장애인들을 위하여 기도합시다.,"주님, 몸과 정신의 장애로 고통받는 사람들을 위로하시어 그들이 장애를 이겨내고 행복하게 살아갈 수 있도록 도와주시며 저희가 그들을사랑으로 돌보게 하소서."
370,4, 굶주리는 사람들을 위하여 기도합시다.,"주님, 굶주리는 사람들에 자비를 베풀어주시고 그들의 이웃인 저희가 나눔의 아름다움을 깨달아 그들에게 필요한 양식을 나누게 하소서."
371,1, 교황님을 위하여 기도합시다.,"주님, 많은 어려움 가운데서도 이 세상에서 진리의 빛을 밝히고 교회의 가르침을 선포하는 교황에게 지혜의 성령을 보내시어 언제나 주님 뜻을 따르는데에 최선을 다하게 하소서."
372,2, 우리 나라를 위하여 기도합시다.,"주님, 이 나라를 돌보시어 모든 국민이 주님의 뜻에 어긋나는 죄악에서 마 음을 돌려 서로 사랑하고 위하는 아름다운 마음으로 살게 하소서."
373,3, 고통받는 사람들을 위하여 기도합시다.,"주님, 육체적 정신적으로 아픔을 겪고 있는 모든 이가 희망과 용기를 가지고 고통을 이겨 나가도록 주님의 힘을 주소서."
374,4, 가정을 위하여 기도합시다.,"주님, 모든 가정이 교회의 어머니이신 마리아께 개한 사랑을 바탕으로 서로사랑하고 기도하는 아름다운 신앙 공동체를 이루게 하시고 이웃에게 복음을전하는 일에도 앞장서게 하소서."
375,1, 교회를 위하여 기도합시다.,"주님, 주님의 승천을 기뻐하는 교회가 복음의 증인으로서 알맞은 삶을 살아주님께서 재림하시는 그 날에 같은 영광을 누리게 하소서."
376,2, 홍보활동에 종사하는 사람들을 기도합시다.,"주님, 홍보활동에 종사하는 모든 사람에게 올바른 양심과 사명감을 심어 주시어 진리를 따라 자유롭게 일하게 하시고 특히 모든 이웃을 사랑으로 이어주는데 힘쓰게 하소서."
377,3, 젊은이들을 위하여 기도합시다.,"주님, 모든 젊은이들의 마음을 깨끗하게 지켜 주시고 그들의 마음에 진리와자유를 탐구하는 정신을 심어 주시어 아름다운 세상을 이루는데에 몸바치게하소서."
378,4, 세상을 떠난 사람들을 위하여 기도합시다.,"주님, 이 세상을 떠난 모든 이가 주님과 함께 평안히 쉬게 하시고 살아 있는 동안 지은 모든 죄를 용서해 주시며 주님의 부활로 영원한 생명을 얻어누리는 은총을 주소서."
379,1, 교회를 위하여 기도합시다.,"주님, 그리스도의 신비체인 교회가 성령께서 이끄시는 대로 따르며 끊임없이 새롭게되어 사랑과 평화의 복음을 널리 퍼뜨리게 하소서."
380,2, 선교사들을 위하여 기도합시다.,"주님, 이 세상 끝까지 참된 해방과 구원의 복음을 선포하는 선교사들이, 선교 지역에서 겪는 모든 고통을 이겨내게 하시어 부활하신 그리스도의 참된 증인이 되게 하소서."
381,3, 세계평화를 위하여 기도합시다.,"주님, 평화를 갈망하는 온 인류에게 용서와 화해의 은총을 주시어 분열과 대립을 이겨내고 형제적 사랑을 나누며 살아가게 하소서."
382,4, 본당공동체를 위하여 기도합시다.,"주님, 성령의 풍요로운 은총을 저희 본당 공동체에도 심어 주시어 본당의 모든 신자가 열심히 기도하고 봉사하는 복음의 증인이 되게 하시고 특히 어려운 본당과 가난한 형제들을 기쁘게 돌보는 일에 힘쓰게 하소서."
383,1, 교회를 위하여 기도합시다.,"주님, 삼위일체의 신비를 믿음으로 고백하는 교회가 주님의 사랑 안에서 진실한 사랑을 나누고 신앙을 증언하는 일에 더욱 충실하게 하소서."
384,2, 우리 나라를 위하여 기도합시다.,"삼위일체이신 주님, 이 나라 국민 한사람 한 사람에게 자비를 베푸시어 주님께서 주시는 지혜를 찾게 하시고 성실하고 소박하게 살아감으로서 물질주의 문화의 온갖 위험에서 벗어나게 하소서."
385,3, 병고에 시달리는 사람들을 위하여 기도합시다.,"주님, 육체적 정신적으로 아픔을 겪는 이들에게 참고 견디는 힘을 주시어 그들이 희망과 용기를 가지고 고통을 이겨 나가도록 도와주소서."
386,4, 환경보호 실천을 위하여 기도합시다.,"주님, 모든 만물 안에서 주님의 창조와 구원의 신비를 보여 주심에 감사하며 청하오니, 저희가 살고 있는 터전을 돌아보게 하시어 자연 환경을 정화하고 보호하는 일이 저희의 의무임을 깨닫고 실천하게 하소서."
387,1, 교회를 위하여 기도합시다.,"주님, 주님께서는교회가 주님을 기념하여 성체성사를 거행하도록 하셨으니 이 세상 모든 사람을 주님의 식탁에 초대하시어 영원한 생명을 얻어 누리게 하시고 특히 북한 교회가 성체성사의 신비를 자유롭게 기념할 수 있도록 도와주소서."
388,2, 사제들을 위하여 기도합시다.,"주님, 영원한 대사제이신 주님을 따라 성사를 거행하는 모든 사제를 축복하시어 성체성사로서 보여 주시는 주님의 완전한 사랑을 본받아 살게 하소서."
389,3, 우리민족과 화해와 일치를 위하여 기도합시다.,"주님, 분단의 슬픔과 고통을 참아내야 하는 저희에게 자비를 베풀어주시고민족의 화해와 일치를 위하여 저희가 서로 용서하고 받아들임으로서 한 형제 되는 기쁨을 우리게 하소서."
390,4, 하느님의 뜻을 실천하다가 목숨을 잃은 사람들을 위하여 기도합시다.,"주님, 저희와 함께 믿음의 생활을 하며주님의 정의를 실천하다가 목숨을잃은 많은 이가 하느님 나라에서 영원한 안식을 누리게 하소서."
391,1, 교회를 위하여 기도합시다.,"주님, 성령께 각각 다른 선물을 받고 교회를 이루는 모든 지체가 자신이 받은 고유한 은총에 감사하며 교회의 발전과 인류의 공동 이익에 몸바치게 하소서."
392,2, 기업인들을 위하여 기도합시다.,"주님, 다양한 경제 활동을 통하여 국가와 국민에게 봉사하는 모든 기업인과함께 하시어 그들이 얻은 재화가 풍요로운 사회를 건설하는 밑바탕이 되게하시고 그들에게 가난한 이웃을 돌보는 사랑의 마음도 주소서."
393,3, 장애인들을 위하여 기도합시다.,"주님, 모든 장애인에게 믿음과 용기를 더해 주시어 재활할 수 있다는 희망으로 자신의 일에 최선을 다하게 하시며 많은 이의 관심과 사랑으로 기쁨 가득한 나날이 되게 하소서."
394,4, 부부들을 위하여 기도합시다.,"주님, 혼인성사의 축복으로 맺어진 부부들이 끝없이 서로 사랑하며, 희생과봉사로 가정 안에서 그리스도의 평화를 실천하게 하소서."
395,1, 교회의 학자들을 위하여 기도합시다.,"주님, 교회의 학자들에게 지혜를 주시어, 말씀을 듣는 이들이 올바로 알아듣고 실천할 수 있는 길을 가르치도록 도와주소서."
396,2, 박해받는 그리스도인들을 위하여 기도합시다.,"주님, 억압과 폭력으로 고통받는 그리스도인들을 주님께서 몸소 위로 하시고 모든 것을 가능하게 하시는 주님의 권능으로 박해하는 이들의 마음을 바꾸어 주소서."
397,3, 감옥에 갇힌 이들을 위하여 기도합시다.,"주님, 감옥에 갇힌 이들이 진정으로 자신의 잘못을 뉘우치며 새로운 삶을 시작할 수 있게 하시고 억울하게 갇힌 이들에게는 하루 발리 자유를 누리는기쁨을 주소서."
398,4, 봉사자들을 위하여 기도합시다.,"주님, 사회복지 기관에서 소외된 사람들을 돌보는 많은 봉사자들을 축복하여 주시고 자신을 희생함으로서 그리스도를 따르는 고귀한 마음이 결코 변하지 않도록 힘과 용기를 주소서."
399,1, 교회를 위하여 기도합시다.,"주님, 교회가 주님의 사랑 안에서 끊임없이 새롭게 태어나 그리스도를 만백성에게 전하게 하소서."
400,2, 세계평화를 위하여 기도합시다.,"주님, 모든 민족이 그리스도의 사랑을 깊이 깨닫고 그 사랑을 서로 나누는가운데 하나 되어 평화로운 세상을 만들어가게 하소서."
401,3, 나환우들을 위하여 기도합시다.,"주님, 나병으로 고통 당하는 사람들을 주님의 자비로운 손길로 낫게 해주시고 그들이 절망하지 않고 주님의 사랑 안에서 기쁘게 살아갈 수 있도록 은총을 내려 주소서."
402,4, 가난한 사람들을 위하여 기도합시다.,"주님, 세상 곳곳에서 가난과 불우한 환경 때문에 고통받는 모든 사람들을 기억해 주시고 저희의 마음을 열어 주시어 그들이 인간다운 생활을 하는데협력하게 하소서."
403,1, 교회의 지도자들을 위하여 기도합시다.,"주님, 교회의 지도자들이 인류구원을 위하여 고난을 받으시고 돌아가신 그리스도를 본받아 자신의 일을 올바로 이루어 낼 수 있도록 그들에게 지혜와힘을 주소서."
404,2, 수도자들을 위하여 기도합시다.,"주님, 자신의 삶을 오롯이 주님께 봉헌한 수도자들이 십자가의 수난을 통 해 보여주신 그리스도의 사랑을 더욱 깊이 깨달아 이웃에게 그 사랑을 전 하게 하소서."
405,3, 온갖 질병으로 고통받는 사람들을 위하여 기도합시다.,"주님, 육체적 정신적 질병으로 고통받는 사람들의 마음을 주님의 사랑으로채워주시어 그들이 자신의 아픔을 참고 견딜 수 있도록 도와주소서."
406,4, 우리 자신을 위하여 기도합시다.,"주님, 신앙의 빛으로 저희를 불러주신 주님, 어떠한 어려움 가운데서도 그 빛이 꺼지지 않게 도와주시고 저희가 어두움을 밝히는 신앙인으로서 성실히살게 하소서."
407,1, 교황님을 위하여 기도합시다.,"주님, 교황 요한 바오로 2세에게 성령을 보내주시어 그리스도의 대리자로써주님의 자녀들을 올바른 길로 이끌게 하소서."
408,2, 정의와 평화를 위하여 일하는 사람들을 위하여 기도합시다.,"주님, 정의와 평화를 위하여 일하는 사람들을 온갖 악에서 보호하시고 그들의 뜻이 꺾이는 일없이 주님의 선과 사랑, 정의가 살아 있음을 증언하게 하소서."
409,3, 헐벗고 굶주리는 사람들을 위하여 기도합시다.,"주님, 가난으로 어려움을 겪고 있는 사람들에게 친히 용기와 희망을 주시고저희 마음 열어주시어 가진 것을 서로 나누며 살아가도록 도와주소서."
410,4, 졸업생들을 위하여 기도합시다.,"주님, 새로운 출발을 위하여 첫발을 내딛는 졸업생들을 축복하시고 그들이그 동안 가르쳐준 부모와 스승에게 감사하고 배운 것을 주님 사랑을 전하는데에 쓸 수 있도록 이끌어 주소서."
411,1, 그리스도인의 일치를 위하여 기도합시다.,"주님, 같은 믿음 안에서 갈라져 나간 저희 형제들을 불러들이시어 모든 이가 사랑과 진리 안에서 일치의 길을 찾아 한 분이신 주님을 한마음으로 섬기게 하소서."
412,2, 정치인들을 위하여 기도합시다.,"주님, 이 나라 정치인들이 헛된 권력과 금력을 추구하지 않고 힘없고 가난한 사람들의 권리와 이익을 보호하는 데 앞장서게 하시고 이 땅에 정의와 평화가 넘치게 하소서."
413,3, 죄인들을 위하여 기도합시다.,"주님, 죄악의 구렁텅이에 빠져있는 많은 사람들이 하루빨리 자신의 죄를 뉘우치고 주님께 돌아와 새 사람이 되게 하소서."
414,4, 본당공동체를 위하여 기도합시다.,"주님, 본당의 신자들이 그리스도의 말씀에 따라 서로 아끼고 사랑하게 하시어, 지역 사회에 주님의 참 사랑과 평화를 증언하게 하소서."
415,1, 교회를 위하여 기도합시다.,"주님, 교회가 악의 세력을 쳐 이기고 이 세상에 사랑과 평화가 흘러 넘치는주님의 나라를 이룩하게 하소서."
416,2, 세계평화를 위하여 기도합시다.,"주님, 모든 사람이 주님의 뜻을 따라 평화를 추구하며 세상에서 미움과 질투, 폭력과 전쟁을 물리칠 수 있도록 도와주소서."
417,3, 북한 교회의 신자들을 위하여 기도합시다.,"주님, 신앙의 기쁨을 마음껏 나누지 못하는 북한 형제들을 몸소 위로하여 주시고 그들이 당하는 고통이 그리스도 수난의 한 몫임을 깨달아 용기를 잃지 않게 하소서."
418,4, 학생들을 위하여 기도합시다.,"주님, 새로운 마음으로 새 학기를 시작하는 모든 학생에게 복을 주시어, 그들이 영원한 진리의 말씀을 깨닫고 올바른 가치관을 세우도록 도와주소서."
419,1, 교회를 위하여 기도합시다.,"주님, 교희가 법과 규범에 너무 얽매여 소중한 것을 읽지 않게 하시고 그리스도님께서 주신 사랑의 계명을 실천하는 데 최선을 다하게 하소서."
420,2, 성소자들을 위하여 기도합시다.,"주님, 젊은이들의 마음에 복음에 대한 뜨거운 열정을 불어넣어 주시어 그들이 교회와 이웃을 위하여 기꺼이 몸바칠 수 있도록 도와주소서."
421,3, 장애인들을 위하여 기도합시다.,"주님, 육체적 정신적 장애로 고통받는 이들을 위로하여 주시고 저희가 그들에게 아낌없는 사랑을 줄 수 있도록 도와주소서."
422,4, 부부들을 위하여 기도합시다.,주님. 모든 부부를 일치와 사랑의 끈으로 묶어 주시어 그들이 서로 위하고이해함으로써 가정공동체 안에서 그리스도의 사랑을 체험하며 살아가게 하소서.
423,1, 교희를 위하여 기도합시다.,"주님, 교회가 주님과 하나되어 주님의 뜻에 맞는 모습으로 세상의 빛과 소금이 되게 하소서."
424,2, 세계 평화를 위하여 기도합시다.,주님. 전쟁과 폭력의 악순환을 되풀이고 있는 이 시대에 주님의 평화를 내려주시어 모든 사람이 평화롭고 화목한 생활을 누리게 해주소서.
425,3, 조국을 지키다가 숨져간 이들과 유가족들을 위하여 기도합시다.,주님. 조국을 지키다가 숨져간 이들이 영원한 안식을 누리게 하시고 가족들에게는 몸소 위로와 힘을 주시며 모든 국민 이들에게 관심을 갖고 아낌없는사람을 베풀게 하소서.
426,1, 교회를 위하여 기도합시다.,"주님, 지상의 나그네인 교회가 그리스도께서 맡기신 사명을 충실히 수행하게 하시며 용서와 사랑의 샘이 되게 하소서."
427,2, 사제들을 위하여 기도합시다.,"주님, 일생을 하느님 나라를 이룩하기 위하여 몸바치는 사제들이 온갖 어려움에서도 자신의 역학을 성실히 이행하도록 은총 주소서."
428,3, 죄인들의 회개를 위하여 기도합시다.,"주님, 죄를 저지르고도 회개하지 않는 많은 이가 자신의 잘못을 깨닫고 회개의 길을 갈 수 있도록 필요한 은총을 주소서."
429,4, 본당 공동체를 위하여 기도합시다.,"주님, 저희 본당의 모든 신자가 주님의 사랑 안에서 하나가 되고 이웃에게는 회개와 용서의 모범이 될 수 있도록 도와주소서."
430,1, 교회를 위하여 기도합시다.,"주님, 그리스도의 신비체인 교회가 그리스도를 따라 인류 구원을 위한 십자가를 기꺼이 지고 갈 수 있도록 이끌어 주소서."
431,2, 위정자들을 위하여 기도합시다.,"주님, 이 나라 정치인들을 위하여 특별히 기도하오니 그들이 국민을 위하여봉사하는 성실한 일꾼이 되게 하소서."
432,3, 병사들을 위하여 기도합시다.,"주님, 육체적 정신적으로 괴로워하는 이들을 몸소 위로하여 주시고 그들이희망을 잃지 않고 모든 어려움을 굳세게 해쳐나갈 수 있도록 풍부한 은총을내려주소서."
433,4, 고아들을 위하여 기도합시다.,"주님, 부모를 잃고 부모에 대한 그리움에 목말라 하고있는 고아들이 오늘 겪는 어려움을 헤치고 꿋꿋하게 자랄 수 있도록 보살펴 주시고 저희가 아낌없는 사랑으로 그들을 돌보게 하소서."
434,1, 교황님을 위하여 기도합시다.,"주님, 주님이 백성인 교회를 돌보는 교황 요한 바오로 2세에게 복을 내려주시어, 온갖 시련에서도 일치와 사랑을 위한 굳건한 보루가 되게 하소서."
435,2, 쉬는 교우들을 위하여 기도합시다.,"주님, 세례성사로 주님의 자녀가 되었으면서도 주님을 잠시 떠나 살고 있는이들에게 주님의 진리와 사랑을 새롭게 깨닫고 성실한 신앙인으로 다시 태어날 수 있도록 자비를 베풀어주소서."
436,3, 가난한 이웃을 위하여 위하여 기도합시다.,"주님, 저희가 그리스도의 사랑 안에서 가난한 이웃을 생각하며 그들과 함께기쁨과 슬픔을 나눌 수 있도록 은총을 내려 주소서."
437,4, 우리 자신을 위하여 기도합시다.,"주님, 저희가 주님의 몸과 피를 모실 때마다 주님의 사랑을 생각하고 그 사랑에 감사하며 그리스도의 죽음과 부활을 되새기게 하소서."
438,2, 사회의 지도자들을 위하여 기도합시다.,"주님, 이 사회의 지도자들이 정의롭고 깨끗한 생활을 하여 모든 이의 모범이 되고 이 사회를 주님께서 바라시는 평화로운 세상으로 이끌도록 도와주소서."
439,3, 가난한 이웃을 위하여 기도합시다.,"주님, 물질적 어려움으로 기쁘게 살아가지 못하는 이들이 많사오니, 그들에게 물질적 어려움을 이겨낼 수 있도록 함과 용기를 주시며 저희가 그들과 더불어 살아감으로서 하느님의 사랑을 가까이 느끼도록 하소서."
440,4, 우리자신을 위하여 기도합시다.,"주님, 세상의 수많은 유혹 때문에 주님을 알았던 첫 마음을 잊고 살 때가 많사오니 다시 한번 저희가 그때를 되돌아 볼 수 있도록 저희의 마음을 바꿔 주소서."
441,1, 교회를 위하여 기도합시다.,"주님, 교회가 성서 안에서 말씀하시는 주님의 소리를 올바로 알아듣고 주님과 이웃을 사랑하는 일에 더욱 충실하게 하소서."
442,2, 세계 평화를 위하여 기도합시다.,"주님, 모든 인류가 인종을 차별하지 않고 민족들간에 서로 존중하고 협력함으로써 사랑과 평화가 넘치는 인류공동체를 이루게 하소서."
443,3, 고통받는 사람들을 위하여 기도합시다.,"주님, 정신적 육체적으로 병들어 있는 많은 사람이 하루빨리 나을 수 있도록 도와주시고 저희에게는 도움이 필요한 이웃을 기꺼이 도울 수 있는 사랑의 정신을 심어주소서."
444,4, 입법자들을 위하여 기도합시다.,"주님, 모든 입법자가 주님의 자비와 사랑의 법을 따르며 올바른 법을 제정하여 인간 존엄성을 수호하게 하소서."
445,1, 교회를 위하여 기도합시다.,"주님, 교회가 그리스도의 말씀을 듣고, 그 신비를 더욱 깊이 깨달아 어떠한처지에서도 그리스도를 기쁘게 맞아들일 수 있도록 늘 깨어있게 하소서."
446,2, 가난한 사람들을 위하여 기도합시다.,"주님, 가난 때문에 정신적, 물질적으로 고통 당하는 이들을 위로하시고 그들이 모든 이의 관심과 사랑으로 기쁘게 살아가도록 자비를 베풀어주소서."
447,3, 주일학교 어린이들을 위하여 기도합시다.,"주님, 방학 동안 각 본당에서 마련한 어린이 교육에 함께 하시어 모든 어린이가 이 시간을 통하여 마음껏 주님을 찬미하며 주님을 더욱더 사랑할 수 있도록 그들에게 은총 주소서."
448,4, 가정을 위하여 기도합시다.,"주님, 그리스도를 믿고 따르는 모든 가정이 주님을 믿어 감사와 기쁨이 가득한 행복의 보금자리를 이룰 수 있도록 은총 주소서."
449,1, 교황님을 위하여 기도합시다.,"주님, 그리스도의 구원사업에 성실히 협력하는 교황과 늘 함께 하시어 어둠과 죽음을 물리치고 언제나 진리의 등불을 밝힐 수 있도록 도와주소서."
450,2, 여행자들과 관광객들을 위하여 기도합시다.,"주님, 여행자들과 관광객들의 여행길에 함께 하시어 그들이 주님의 사랑과평화를 체험하고 많은 사람과 더불어 체험한 것을 나누게 하소서."
451,3, 냉담자들을 위하여 기도합시다.,"주님, 여러 가지 이유로 주님을 떠나 살아가는 이들에게 자비를 베푸시어 그들이 한결같이 돌보아 주시는 주님의 사랑을 깨닫고 주님께 돌아오게 하소서."
452,4, 환경 보호를 위하여 기도합시다.,"주님, 창조하신 모든 피조물을 사랑으로 돌보시는 주님의 뜻대로 저희도 환경을 보호하고 보존하는 일에 힘쓰게 하소서."
453,1, 선교사들을 위하여 기도합시다.,"주님, 모든 것을 주님께 맡기고 낯선 곳으로 복음을 전하러 고향을 떠난 선교사들을 온갖 위험에서 보호하여 주시고, 그들이 만나는 모든 이가 그리스도 안에서 살아갈 수 있도록 도와주소서."
454,2, 북한 교회를 위하여 기도합시다.,"주님, 신앙의 자유를 뉘지 못하는 북한 형제들이 이미 받은 신앙의 뿌리를굳건히 지킬 수 있도록 도와주시고 하루빨리 자유롭게 주님을 찬미할 수 있도록 은총을 베풀어주소서."
455,3, 가난으로 고통받는 사람들을 위하여 기도합시다.,"주님, 가난 때문에 고통받는 이들에게 희망이 되어주시고 그들이 삶의 의욕을 잃지 않도록 이끌어 주시며 저희는 따듯한 관심과 사랑으로 가진 것을 그들과 나누게 하소서."
456,4, 경제인들을 위하여 기도합시다.,"주님, 다양한 경제활동으로 국가와 국민에게 봉사하는 모든 경제인과 함께하시어, 그들이 얻은 재화가 풍요로운 사회를 건설하는 밑바탕이 되게 하시고 가난한 이웃을 돌보는 데 도움이 되게 하소서."
457,1, 교회를 위하여 기도합시다.,"주님, 말씀과 성찬의 식탁에서 힘을 얻는 교회가 믿음의 은혜를 증언하고 전파함으로써 신앙을 찾는 모든 이에게 성실이 봉사하게 하소서."
458,2, 성직자들을 위하여 기도합시다.,"주님, 그리스도를 따라 살아가는 성직자들이 세속에 물들지 않도록 지켜주시고 그들이 하는 모든 일에 강복 하소서."
459,3, 노동자들을 위하여 기도합시다.,"주님, 땀 흘려 수고하는 모든 노동자에게 복을 주시어 그들이 맡은 일을 성실이 수행하며 기쁘게 살아가게 하시고 노동의 합당한 대가를 받아 안정된생활을 하게 하소서."
460,4, 그리스도를 믿지 않는 이들을 위하여 기도합시다.,"주님, 신앙의 빛을 받지 못한 이들을 주님께서 몸소 찾아주시고 그들에게 믿음의 은혜를 풍성히 내리시어 주님을 사랑하여 얻는 행복을 알게 하소서."
461,1, 교회를 위하여 기도합시다.,"주님, 그리스도를 따르기 위하여 모인 교회가 불필요한 모든 것을 완전히 끊어버리고 주님께서 주신 사랑의 계명을 충실히 지키며 살게 하소서."
462,2, 세계평화를 위하여 기도합시다.,"주님, 자기나라의 경제적 이익만 추구하는 강대국들에게 나누는 마음을 갖도록 일깨워 주시어 약소국을 돕게 하시며 온 세계가 주님의 친교를 이루는가운데 평화롭게 살게 하소서."
463,3, 질병으로 고통받는 사람들을 위하여 기도합시다.,"주님, 질병으로 고통받는 모든 사람이 자비로우신 주님에게서 힘을 얻어 고통을 잘 이겨내고 빨리 건강해 지도록 도와주소서."
464,4, 지역사회 지도자들을 위하여 기도합시다.,"주님, 이 나라 각 지역 사회에서 일하는 모든 지도자에게 주님의 정의와 사랑을 주시어 그들이 모든 사람을 소중히 여기며 지역사회가 균형 있게 발전하는데 노력하게 하소서."
465,1, 그리스도인들을 위하여 기도합시다.,"주님, 모든 그리스도인이 복음의 정신으로 돌아가 전세계에 마음의 문을 열고 구원의 기쁜 소식을 전하는데 몸 바치게 하소서."
466,2, 세계평화를 위하여 기도합시다.,"주님, 인종 차별과 빈부의 차이로 갈등을 겪고 있는 나라들이 미움과 폭력을 버리게 하시고 하느님의 정의대로 모든 이가 서로 존중하고 가진 것을 나누어 평화롭게 살아갈 수 있도록 도와주소서."
467,3, 쉬는 교우들을 위하여 기도합시다.,"주님, 여러 가지 이유로 교회를 떠난 이들이 새롭게 신앙생활을 시작할 수있도록 은총을 베풀어주시고 그리스도를 따라 구원의 문으로 들어갈 수 있도록 도와주소서."
468,4, 농민들을 위하여 기도합시다.,"주님, 더운 날씨에 땀흘려 일하는 농민들의 노고를 굽어보시어 풍성한 수확을 거둘 수 있도록 도와주시고 그들의 수고로 얻은 농산물을 온 국민이 애용함으로서 농촌경제를 돕게 하소서."
469,1, 교황님을 위하여 기도합시다.,"주님, 모든 사람의 구원과 세상의 평화를 위해 기도하고 일하는 교황에게 언제나 주님의 뜻에 맞게 살아 갈 수 있도록 은총을 주소서."
470,2, 수도자들을 위하여 기도합시다.,"주님, 수도자들에게 온유하고 겸손한 그리스도의 마음을 닮으려는 열정을 일으켜주시어 참 평화이신 예수 그리스도의 삶을 많은 이웃에게 증언하게 하소서."
471,3, 장애인을 위하여 기도합시다.,"주님, 모든 장애인에게 꿋꿋하게 살아 갈 수 있도록 용기를 주시고 저희가장애인에 대한 그릇된 생각을 버리고 그들을 이해하고 따뜻하게 감싸주며 그들의 인권과 복지를 증진시키는 데에 함께 노력하게 하소서."
472,4, 우리자신을 위하여 기도합시다.,"주님, 그리스도를 따르는 저희가 겸손한 마음을 갖게 하시고 삶의 여정에서언제나 주님 나라의 평화와 축복을 얻게 하소서."
473,1, 교회를 위하여 기도합시다.,"주님, 교회가 초기교회 공동체의 모범을 따라 함께 기도하고 가진 것을 나누며, 더욱 열심히 복음을 전하게 하소서."
474,2, 정치인들을 위하여 기도합시다.,"주님, 정치인들에게 참된 봉사의 길을 가르쳐 주시어 그들이 국가와 민족을위하여 가난하고 소외된 사람들을 사랑으로 대하게 하소서."
475,3, 감옥에 갇힌 이들을 위하여 기도합시다.,"주님, 감옥에 갇혀 고생하는 사람들을 위로하여 주시고 특히 옳은 일을 하다가 옥에 갇힌 사람들을 하루빨리 자유를 찾을 수 있도록 도와주소서."
476,4, 우리자신을 위하여 기도합시다.,"주님, 저희가 선조 들의 굳은 믿음과 용기를 본받아 각자의 자리에서 주님의 뜻을 충실히 따르는 순교자의 마음을 갖게 하소서."
477,1, 교회를 위하여 기도합시다.,"주님, 교회가 주님의 자비와 사랑을 더욱 깊이 깨달아 소외되고 상처받은 많은 사람을 따뜻이 품어 주시고 뉘우치고 돌아오는 사람들을 기꺼이 맞아들이게 하소서."
478,2, 세계평화를 위하여 기도합시다.,"주님, 세상 모든 사람이 참된 평화를 끝없이 바라며 인류의 평화를 깨뜨리는 전쟁과 폭력, 인종차별 그리고 굶주림에 빠지지 않도록 도와주소서."
479,3, 쉬는 교우들을 위하여 기도합시다.,"주님, 여러 가지 이유로 교회를 떠나 살고 있는 이들의 마음속에 새로운 열정을 심어 주시어 그들이 하루빨리 주님의 무한한 사랑을 깨닫고 교회의 품안으로 돌아오게 하시며 풍성한 믿음을 키워 나갈 수 있게 하소서."
480,4, 죄인들의 회개를 위하여 기도합시다.,"주님, 어둠 속에 있으면서도 빛을 거부하는 이들에게 주님의 은총을 베푸시어 주님께서 베푸시는 용서와 사랑을 체험하게 하시고 선한 생활을 하게 하소서."
481,1, 교회를 위하여 기도합시다.,"주님, 교회가 세상의 어떠한 어려움에도 구비지 않고 그리스도의 뜻을 따라충실히 살아 갈 수 있도록 힘과 용기를 북돋아 주소서."
482,2, 평신도들을 위하여 기도합시다.,"주님, 가정과 사회 안에서 하느님 나라를 위하여 살아가는 저희에게 주님의슬기와 용기를 주시어 맡은 일에 정성을 다하게 하소서."
483,3, 병자들을 위하여 기도합시다.,"주님, 온갖 질병으로 괴로워하는 이들을 위로하여 주시고 그들이 하루빨리나아서 주님을 증언할 수 있도록 도와주소서."
484,4, 냉담자들을 위하여 기도합시다.,"주님, 주님을 외면한 채 살아가는 이들이 주님의 따뜻한 사랑을 깨닫고 주님의 품으로 돌아와 참된 신앙의 기쁨을 누리게 하소서."
485,1, 교회를 위하여 기도합시다.,"주님, 교회가 물질적인 풍요보다는 영원한 생명을 바라고 생활 속에서 그리스도를 증언하는 공동체가 되게 하소서."
486,2, 종교인들을 위하여 기도합시다.,"주님, 모든 종교인이 참된 진리를 추구하고 인류의 공동선을 위하여 함께 노력하게 하시며 평화와 일치의 도구가 되게 하소서."
487,3, 질병으로 고통받는 이들을 위하여 기도합시다.,"주님, 질병으로 고통받는 이들이 주님 안에서 힘을 얻어 하루빨리 건강을 되찾을 수 있도록 도와주소서."
488,4, 재난으로 고통받는 사람들을 위하여 기도합시다.,"주님, 갖가지 재난으로 어려움을 겪고 있는 이들을 위로하여 주시고 저희가그들을 돕게 하시어 그들의 어려움이 하루빨리 기쁨으로 변하게 하소서."
489,1, 교회를 위하여 기도합시다.,"주님, 교회가 끊임없이 기도하게 하시고 주님께서 맡기신 선교사명을 성실히 수행하게 하소서."
490,2, 우리 나라를 위하여 기도합시다.,"주님, 이 나라 모든 국민이 쾌락만을 찾는 생활과 생명을 하찮게 여기는 태도를 버리고 서로 믿는 마음으로 깨끗하고 바른 사회를 이루어가게 하소서."
491,3, 선교사들을 위하여 기도합시다.,"주님,그리스도의 말씀을 널리 알리고자 선교지역으로 떠난 선교사들에게주님의 지혜를 주시고 모든 믿는 이가 기도로서 그들과 하나되게 하시며 풍성히 열매 맺을 수 있도록 도와주소서."
492,4, 그리스도를 믿지 않는 이들을 위하여 기도합시다.,"주님, 아직 주님을 믿지 않는 이들에게 주님을 믿음으로써 얻을 수 있는 기쁨을 알게 하시고 모든 그리스도인이 자신이 받은 신앙의 선물을 기쁘게 나눌 수 있도록 도와주소서."
493,1, 교황님을 위하여 기도합시다.,"주님, 그리스도를 따르는 착한 목자의 모범을 보여주는 교황 요한 바오로 2세에게 몸과 마음의 건강을 주시고 어려운 이 시대에 지혜의 지팡이가 될 수 있도록 주님의 지혜와 용기를 주소서."
494,2, 세계 평화를 위하여 기도합시다.,"평화의 샘이신 주님, 온 인류가 참된 평화를 바라며 인류의 평화를 해치는모든 거짓과 폭력에 맞서 공동선을 추구함으로써 주님께서 주시는 평화를 얻게 하소서."
495,3, 나환우들을 위하여 기도합시다.,"주님, 나병으로 고통받고 있는 이들과 함께 하시어 빨리 낫게 하시고 그들이 주님을 더욱 굳게 믿으며 기쁘게 살아가게 하소서."
496,4, 우리자신을 위하여 기도합시다.,"주님, 저희가 복음을 받아들여, 언제나 주님을 믿으며 감사하는 마음으로기쁘게 살게 하소서."
497,1, 교회를 위하여 기도합시다.,"주님, 교회가 언제나 기도하게 하시고 복음을 널리 선포하게 하시어 주님의나라를 이루는데 온힘을 기울이게 하소서."
498,2, 우리 나라를 위하여 기도합시다.,"주님, 민족의 화해와 일치를 기원하며 통일을 염원하는 이 나라를 도와주시고 저희가 어려운 이웃과 북한의 형제들을 사랑으로 도울 수 있게 하소서."
499,3, 선교사들을 위하여 기도합시다.,"주님, 그리스도의 말씀을 널리 전하고자 애쓰는 선교사들에게 주님의 지혜와 용기를 주소서."
500,4, 그리스도를 믿지 않는 위하여 기도합시다.,"주님, 아직도 주님을 믿지 않는 이들이 주님의 현존을 깨달아 기쁜 마음으로 주님을 찬미하며 살아갈 수 있도록 은총 주소서."
501,1, 우리 나라 교회를 위하여 기도합시다.,"주님, 민족의복음화를 간절히 바라는 저희 교회의 바람을 들어주시고 정치적, 윤리적으로 혼란한 이 시대에 이 나라 교회가 밝은 빛을 비추는 구원의등불이 되게 하소서."
502,2, 위정자들을 위하여 기도합시다.,"주님, 국민을 위하여 봉사하는 모든 위정자가 국민의 소리에 귀기울여 듣게하시여 올바른 마음으로 생활하여 평화로운 국가를 이룩하는데 힘쓰게 하소서."
503,3, 고통받는 사람들을 위하여 기도합시다.,"주님, 병으로 고통받는 사람들이 하루빨리 나을 수 있도록 은총을 베풀어 주시고 그들의 미음을 굳세게 하시어 고통을 이기고 자유롭게 이 세상을 살아가게 하소서."
504,4, 우리 자신을 위하여 기도합시다.,"정의로우신 주님, 오래 전에 하였던 선행을 풀어 주님께 바라기만 하는 저희에게 오늘의 삶을 되돌아볼 줄 아는 겸손한 마음을 주소서."
505,1, 교회를 위하여 기도합시다.,"주님, 지상의 나그네인 교회가 세상의 온갖 어려움에도 꺾이지 않고 주님 뜻을 따라 꿋꿋이 나아갈 수 있도록 힘과 용기를 북돋아 주소서."
506,2, 위정자들을 위하여 기도합시다.,"주님, 모든 위정자가 주님의 사랑과 정의를 깨닫게 하시어 자신만을 위하는생각을 떨쳐버리고 국민을 위한 바른 정치를 펴도록 도와주소서."
507,3, 교육자들을 위하여 기도합시다.,"주님, 학생들을 가르치는 교육자들이 참된 스승으로서 참교육을 위하여 몸바칠 수 있도록 주님의 사랑과 지혜를 주소서."
508,4, 우리보다 먼저 세상을 떠난 사람들을 위하여 기도합시다.,"주님, 주님만을 바라보며 살다가 세상을 떠난 사람들에게 주님의 자비와 사랑을 베푸시어 영원한 안식을 누리게 하소서."
509,1, 사제들을 위하여 기도합시다.,"주님, 이 세상에 그리스도의 복음을 선포하며 삶으로서 주님을 증언하는 사제들이 어제나 건강하게 하시고 주님 말씀의 씨앗이 풍성한 열매를 맺게 하소서."
510,2, 세계 평화를 위하여 기도합시다.,"주님, 모든 나라가 자기나라의 이익만을 생각하는 이기심을 버리고 서로 나누는 마음과 존중하는 마음으로 펑화롭게 살아갈 수 있도록 도와주소서."
511,3, 병으로 고통받는 사람들을 위하여 기도합시다.,"주님, 갖가지 병으로 고통받는 사람들을 위로하여 주시고 그들에게 빨리 나을 수 있는 은총을 주시어 가족들과 함께 기쁨을 나누며 살아가게 하소서."
512,4, 수험생을 위하여 기도합시다.,"주님, 오랜 시간 동안 시험을 준비해 온 학생들이 자신의 실력을 온전히 발휘할 수 있도록 도와주시고 그 결과를 기꺼이 받아들이게 하소서."
513,1, 우리 나라 교회를 위하여 기도합시다.,"주님, 저희 교회가 그리스도의 복음에 더욱 깊이 뿌리를 내리게 하시고 갖가지 신흥종교가 저지를 수 있는 그릇됨에서 신자들을 보호할 수 있도록 바른 분별력과 지혜를 주소서."
514,2, 평신도들을 위하여 기도합시다.,"주님, 가정과 사회 안에서 주님의 나라를 위하여 살아가는 저희를 축복하여주시고 주님께서 주신 사제직, 예언자직, 왕직의 사명을 성실히 수행하도록도와주소서."
515,3, 감옥에 갇힌 이들을 위하여 기도합시다.,"주님, 순간적인 잘못으로 감옥에 갇힌 이들과 오랜 세월을 감옥에서 보낸 장기수들에게 자비를 베푸시어 그들이 새로운 마음으로 새 생활을 시작할 수 있도록 은총 주소서."
516,4, 부모님들을 위하여 기도합시다.,"주님, 자녀를 낳아 기르며 주님의 창조사업에 함께 하는 부모들이 서로 사랑하고 존중함으로써 자녀들에게 좋은 본보기가 되게 하시고 생명을 가벼이여기는 이 시대에 빛이 되게 하소서."
517,1, 하느님 백성을 위하여 기도합시다.,"주님, 주님을 왕으로 고백하는 하느님 백성을 위로하시고 저희 공동체가 주 님의 진리를 찾고 구하는 성실한 신앙 공동체가 되게 하소서."
518,2, 위정자들을 위하여 기도합시다.,"주님, 국가와 국민에게 봉사하는 위정자들에게 참된 지혜를 주시어 가난 하고 약한 이들의 목소리를 귀여겨듣고 그들을 위하여 온 힘을 다하게 하소서."
519,3, 교도관들을 위하여 기도합시다.,"주님, 감옥에 갇힌 이들을 돌보는 교도관들의 마음을 주님의 사랑과 성실로채워주시어 그들이 감옥에 갇힌 이들의 아픈 상처를 위로하여 주고 올바른길로 이끌 수 있도록 도와주소서."
520,4, 본당공동체를 위하여 기도합시다.,"주님, 본당의 모든 신자에게 교회를 아끼고 사랑하는 마음을 더해 주시고 즐겁게 봉사함으로써 기쁜 생활을 누리게 하시며 서로 사랑하고 일치하는 아름다운 공동체가 되게 하소서."
521,1, 교회의 지도자를 위하여 기도합시다.,"주님, 교회의 지도자들이 인류구원을 위하여 고난을 받고 돌아가신 그리스 도를 따라 어떠한 어려움도 이겨내며 살아갈 수 있도록 지혜와 힘을 주소서."
522,2, 우리나라를 위하여 기도합시다.,"주님, 남북으로 갈라져 살아가는 저희 민족을 돌보시어 이 나라가 하루 빨리 평화통일을 이루어 삶의 기쁨도 함께 누릴 수 있도록 도와주소서."
523,3, 선조들을 위하여 기도합시다.,"주님, 조상을 기억하는 명절을 맞아 이미 세상을 떠난 저희 선조 들을 위하여 기도하오니, 이 세상에서 희로애락을 겪던 그들이 하느님 나라에서는 영원한 평화만을 누리게 하소서."
524,4, 부모님을 위하여 기도합시다.,"주님, 온갖 정성으로 저희를 돌보시는 부모들을 위하여 간절히 기도하오니 대가를 바라지 않고 베푸는 그들의 사랑을 저희 모두 깊이 깨닫고 그 사랑을 저 버리는 말과 행동은 결코 하지 않도록 언제나 저희를 이끌어 주소서."
525,1, 교회를 위하여 기도합시다.,"주님, 주님의 교회가 성전에 봉헌되신 예수님을 본받아 겸손한 마음으로 그 분의 뜻을 충실히 따르는 세상의 빛과 소금이 되게 하소서."
526,2, 선교사들을 위하여 기도합시다.,"주님, 오직 주님의 영광을 위하여 머나먼 낯선 땅에서 어려움을 겪고 있는 선교사들을 위하여 간절히 청하오니, 그들의 수고를 자유로이 받아들이시어 그리스도의 말씀이 온 세상에 퍼지게 하소서."
527,3, 성직자와 수도자들을 위하여 기도합시다.,"주님, 몸과 마음을 오롯이 주님께 봉헌한 성직자와 수도자들이 오늘의 깊은 뜻을 되새겨 언제나 봉헌하는 삶을 살게 하시고 그들의 길을 빛과 은총으로 이끄시어 그들이 뜻한 모든 것을 주님 안에서 이룰 수 있도록 도와주소서."
528,4, 병자들을 위하여 기도합시다.,"주님, 병으로 고통을 겪는 사람들 곁에 늘 함께 하시어 그들이 주님께서 겪으신 고통을 생각하여 자신들의 괴로움을 잘 이겨 낼 수 있도록 도와주소서."
529,1, 교회를 위하여 기도합시다.,"주님, 믿음과 순명으로 구세주의 어머니가 된 마리아를 공경하며, 축일을 지내는 교회를 축복하여 주시고 교회가 마리아를 본받아 온 세상에 구원의 기쁜 소식을 알리게 하소서."
530,2, 우리나라를 위하여 기도합시다.,"주님, 온갖 시련과 고난을 겪어온 이 나라를 보살펴 주시어 모든 국민이 한마음 한 뜻으로 살아가도록 도와주시고 이 땅에 사랑과 평화가 흘러 넘치게 하소서."
531,3, 고아들을 위하여 기도합시다.,"주님, 부모 없이 세상을 살아가고 있는 아이들이 많은 어려움과 고통에도 쓰러지지 않도록 보살펴 주시고 저희 또한 그리스도 안에서 그들과 한 형제임을 깨달아 따뜻한 사랑으로 그들을 돌볼 수 있도록 도와주소서."
532,4, 부모님을 위하여 기도합시다.,"주님, 부모들을 위하여 기도하오니 그들이 자녀들의 효도로 섬김을 받으며 언제나 즐거워하고 건강한 몸과 마음으로 그리스도를 찬미하며 남은 삶을 잘 살 수 있게 하시고 이미 세상을 떠난 부모에게는 하느님 나라의 영원한 행복을 누리는 은총을 주소서."
533,1, 북한 교회를 위하여 기도합시다.,"주님, 주님을 모시지 못하는 북한의 신자들이 온전한 자유 속에서 주님을 섬길 수 있는 날이 하루 빨리 오도록 도와주소서."
534,2, 우리나라를 위하여 기도합시다.,"주님, 저희의 간절한 소망인 평화통일이 하루 빨리 이루어지게 하시어 이 땅에 진정한 평화가 오게 하소서."
535,3, 실직자들을 위하여 기도합시다.,"주님, 일자리를 잃고 방황하는 사람들을 위하여 기도하오니 그들이 하루빨리 자신에게 맞는 일자리를 찾아 가족과 함께 기쁜 마음으로 주님을 찬미할 수 있도록 도와주소서."
536,4, 우리자신을위하여 기도합시다.,"주님, 주님을 따르는 저희가 요한 세례자처럼 굳은 믿음으로 올바른 정의 수호에 앞장서는 진정한 그리스도인이 될 수 있도록 도와주소서."
537,1, 북한교회를 위하여 기도합시다.,"주님, 분단 후 지금까지 신앙의 어둠에 있는 북한교회 형제들을 돌보시어 그들이 어떠한 어려움에 부딪치더라도 믿음과 희망과 사랑으로 살아가도록 보호하여 주소서."
538,2, 민족의 화해와 일치를 위하여 기도합시다.,"주님, 분단의 슬픔을 안고 살아가는 저희 민족을 불쌍히 여기시어 하루빨리 서로 화해하고 일치하여 한 형제 되는 기쁨을 누릴 수 있도록 도와주소서."
539,3, 민족상잔의 비극으로 숨져간 사람들과 유가족들을 위하여 기도합시다.,"주님, 죽은 라자로를 살리고 위로하신 주님, 6.25 동란이라는 민족상잔의 비극으로 숨져간 사람들에게 영원한 생명을 주시고 유가족들에게는 주님의 위로를 베풀어주시며 천만 이산가족들의 아픔도 기억하시어 그들이 가족을 만날 수 있도록 도와주소서."
540,4, 한반도의 평화와 세계평화를 위하여 기도합시다.,"주님, 참된 평화의 샘이신 주님, 갈라진 민족의 통일을 간절히 바라는 저희의 기도를 들으시어 이 땅에 평화를 주시고 이것으로서 세계 평화의 새로운 희망도 싹트게 하소서."
541,1, 교황님을 위하여 기도합시다.,"주님, 교회의 최고 사도인 교황 요한 바오로 2세에게 두 사도와 같은 선교의 열정을 심어주시어 그리스도의 사랑과 평화를 온 세상에 널리 알릴 수 있도록 지혜와 건강을 주소서."
542,2, 그리스도를 모르는 위하여 기도합시다.,"주님, 아직도 그리스도를 모르고 사는 사람들이 많사오니 그들이 빨리 주님의 사랑과 진리를 깨달아 주님을 찬미할 수 있게 하시고 저희가 그들에게 복음을 전할 수 있도록 지혜와 용기를 주소서."
543,3, 정의를 실천하다가 고통받는 사람들을 위하여 기도합시다.,"주님, 옳은 일을 하다가 박해받는 사람들을 주님께서 몸소 위로 하시고 어떠한 어려움에도 그들이 뜻을 굽히지 않고 꿋꿋하게 살 아갈 수 있도록 힘과 용기를 주소서."
544,4, 어린이들을 위하여 기도합시다.,"주님, 어린이들이 건강한 몸과 마음으로 주님을 찬미하며 온전히 주님 안에서 티없이 자랄 수 있도록 은총 주소서."
545,1, 교회를 위하여 기도합시다.,"주님, 그리스도의 어머니이신 마리아를 공경하며 축일을 지내는 교회에 복을 내려 주시고, 오롯한 마음으로 하느님 뜻에 순종하신 마리아를 본받아 인류구원 사업에 몸 바치게 하소서."
546,2, 광복절을 맞아 우리나라를 위하여 기도합시다.,"주님, 많은 어려움을 겪어온 저희를 저버리지 않으시고 언제나 따뜻하게 보호해 주신 마리아께 감사하며 주님께 청하오니, 저희가 간절히 바라는 평화통일이 하루빨리 이루어 질 수 있도록 자비를 베풀어주소서."
547,3, 감옥에 갇힌 이들을 위하여 기도합시다.,"주님, 감옥에 갇힌 모든 사람들이 하루 빨리 가족과 사회의 품으로 돌아올 수 있도록 자비를 베풀어주시고, 저희는 감옥에 갇혀있는 이들을 돌보는 따뜻한 이웃이 되게 하소서."
548,4, 전쟁 피해자를 위하여 기도합시다.,"주님, 전쟁으로 피해를 입어 고통받는 모든 사람을 위로하시고, 그들의 고통을 가없이 여기시어 다시는 이러한 전쟁이 일어나지 않도록 보살펴 주소서."
549,1, 교회를 위하여 기도합시다.,"주님, 교회가 마음의 문을 활짝 열고 영원한 생명을 주시는 주님 말씀에 귀기울일 수 있도록 도와주시고 들은 바를 실천하게 하소서."
550,2, 실향민들을 위하여 기도합시다.,"주님, 민족의 가장 큰 명절인 오늘 떠나온 고향에 가지 못하는 실향민들을 위로하시고 하루 빨리 통일이 이루어져 그들이 기쁜 마음으로 고향을 찾을 수 있게 하소서."
551,3, 세상을 떠난 조상들을 위하여 기도합시다.,"주님, 후손들에게 더 나은 세상을 물려주기 위하여 온갖 어려움을 견디어내며 이 세상을 살다가 떠난 조상들을 하느님 나라의 행복으로 이끌어 주소서."
552,4, 농민들을 위하여 기도합시다.,"주님, 한해 동안 땀 흘려 일하는 농민들에게 복을 내리시어 더욱 풍성한 열매를 맺게 하시고 그들 노력에 알맞는 대가를 받을 수 있도록 도와주소서."
553,1, 교회를 위하여 기도합시다.,"주님, 지상의 나그네인 교회가 하느님 나라를 향해 나아가는 이 길에서 미리 그곳의 행복을 맛보며 즐거워하게 하소서."
554,2, 냉담자들을 위하여 기도합시다.,"주님, 주님을 알면서도 외면하며 살아가고 있는 이들이 많사오니 이들이 생명이신 주님을 바로 알아보고 주님의 품안으로 돌아올 수 있도록 도와주소서."
555,3, 병자들을 위하여 기도합시다.,"주님, 몸과 마음에 병이 들어 아파하는 이들을 위로하여 주시고 그들이 하루빨리 병을 이겨내어 건강한 모습으로 가족들과 함께 기쁜 생활을 할 수 있도록 도와주소서."
556,4, 세상을 떠난 사람들을 위하여 기도합시다.,"주님, 이미 세상을 떠난 모든 이를 위하여 특별히 청하오니 이 세상에서 저지른 그들의 잘못을 보지 마시고 하느님의 자비와 사랑으로 그들을 따뜻이 받아주시어 하느님 나라에 영원히 들게 하소서."
557,1, 사회의 지도자들을 위하여 기도합시다.,"주님, 이 사회의 지도자들이 깨끗하고 정의로운 생활로 모든 이의 모범이 될 수 있도록 언제나 어디서나 그들을 이끌어 주소서."
558,2, 스승님들을 위하여 기도합시다.,"주님, 저희를 가르치는 스승들이 바른 인격과 가치관으로 저희에게 모범을 보이게 하시고 저희는 스승의 가르침을 따라 더욱 더 바르게 살아갈 수 있도록 은총을 베풀어주소서."
559,3, 졸업생들을 위하여 기도합시다.,"주님, 학업을 마치고 사회에 첫발을 내딛는 졸업생들이 스승에게 고마워하며 배움의 터전에서 갈고 닦은 재능을 사회의 좋은 일을 위하여 쓸 수 있도록 이끌어 주소서."
560,4, 부모님들을 위하여 기도합시다.,"주님, 저희를 지금의 모습으로 키워주신 어버이께 감사하며 주님께 청하오니 언제나 건강하고 평안한 나날을 보낼 수 있도록 저희 어버이와 함께 하시고 이미 세상을 떠난 어버이에게는 하늘나라의 기쁨을 주소서."
561,1, 회갑을 맞은 ()을 위하여 기도합시다.,"주님, 성조 아브라함에게 약속하신 축복을 회갑을 맞은 ( )에게도 내리시어 가족에게 존경받고 이웃에게 사랑을 베풀며 늘 주님과 함께 살아갈 수 있도록 도와주소서."
562,2, 가정을 위하여 기도합시다.,"주님, 모든 가정이 주님을 믿으며 화목하게 지내게 하시고 늘 감사하고 기뻐하며 살아가도록 도와주소서."
563,3, 부모님들을 위하여 기도합시다.,"주님, 오늘이 있기까지 저희를 보살펴 준 아버지 어머니에게 은총을 주시어 오래도록 저희의 효도를 받으며 건강하게 살게 하시고 이미 돌아가신 부모들은 하느님 나라의 평안을 누리게 하소서."
564,4, 노인들을 위하여 기도합시다.,"주님, 모든 노인이 늘 주님을 섬기며 기쁜 마음으로 남은 삶을 살아가게 하시고 가까운 친지들의 따뜻한 보살핌으로 행복하게살 수 있도록 은총을 주소서."
565,1, 교회를 위하여 기도합시다.,"주님, 믿음의 공동체인 교회가 가난하고 고통받는 이들 안에서 그리스도를 만나고 그들을 위해 봉사함으로서 주님의 빠스카 신비를 세상에 드러내 보이게 하소서."
566,2, 세계평화를 위하여 기도합시다.,"주님, 모든사람이 주님의 뜻을 따라 평화를 바라며 세상에서 미움과 질투, 폭력과 전쟁을 몰아낼수 있도록 도와주소서."
567,3, 젊은이들을 위하여 기도합시다.,"주님, 모든 젊은이가 이기주의와 쾌락주의의 유혹에 빠지지않고 영원한 진리와 사랑을 추구하게 하시어 건전한 삶을 이루어가게 하소서."
568,4, 우리자신을 위하여 기도합시다.,"주님, 사순시기를 지내고 있는 저희가 진정으로 회개하고 사랑을 실천함으로서 주님과 함께 살아가는 참된 신앙인이 되게하소서."
569,1, 사제들을 위하여 기도합시다.,"주님, 그리스도의 말씀으로 살아가는 사제들에게 참된 지혜를 내려주시어 세상의 유혹에 흔들리지 않는 거룩한 생활을 통해 주님의 양떼들을 올바로 이끌 수 있도록 도와주소서."
570,2, 위정자들을 위하여 기도합시다.,"주님, 이 나라의 위정자들이 자신의 탐욕과 이기심을 버리고 주님 사랑의 빛으로 국민을 먼저 생각하는 참다운 일꾼이 되게하소서."
571,3, 청소년들을 위하여 기도합시다.,"주님, 내일을 이끌어갈 청소년들이 참되고 바른 것을 따르며 건 전한 이상을 키워가게 하소서."
572,4, 근로자들을 위하여 기도합시다.,"주님, 모든 근로자가 노동을 통하여 삶의 기쁨을 찾을수 있게 하시고 그들이 흘린 땀이 정당한 대가를 받을 수 있도록 도와 주소서."
573,1, 본당신자들을 위하여 기도합시다.,"주님, 저희 본당의 모든 신자들이 그리스도의 말씀에 따라 서로 아끼고 위로하게 하시어, 이 지역 사회에 주님의 참 사랑과 평 화를 증거 하게 하소서."
574,2, 난민들과 이민들을 위하여 기도합시다.,"주님, 모든 나라에 있는 난민들과 이민들을 위하여 기도하오니그들이 도움을 청하는 나라에서 한 형제로서 환영을 받고 필요 한 도움을 받을 수 있도록 도와주소서."
575,3, 죄인들을 회개를 위하여 기도합시다.,"주님, 자신의 잘못을 알고 있으면서도 회개하지 않는 이들을 불쌍히 여기시어 그들이 모든 잘못을 용서하시는 주님의 은총을 깨닫고 진정으로 자신의 잘못을 뉘우치며 새로운 삶을 살도록 이끌어주소서."
576,4, 자녀들을 위하여 기도합시다.,"주님, 저희 자녀에게 성령의 빛을 비추어주시어 이웃을 사랑하는마음을 배우고 티없이 깨끗하고 밝은 모습으로 자랄 수 있도록도와주소서."
577,1, 교회의 지도자들을 위하여 기도합시다.,"주님, 그리스도의 말씀을 따라 살아가려는 교회의 지도자들에게 지혜와 용기를 주시어 세상에 굴하거나 타협하지 않고 주님께서 맡기신 양들을 올바로 이끌 수 있도록 도와주소서."
578,2, 우리나라를 위하여 기도합시다.,"주님, 모든 국민이 자신만의 욕심과 지나친 소비 풍조에서 벗어나 서로 위하고 나누며 이해함으로서 일치하고 발전하게 하소서."
579,3, 그리스도신자들의 일치와 협력을 위하여 기도합시다.,"주님, 모든 신자들이 그리스도의 수난과 부활을 생활 안에서 증거 함으로서 서로간의 대화와 협력을 통해 인류의 공동선에 기여하도록 도와주소서."
580,4, 고통받는 사람들을 위하여 기도합시다.,"주님, 정신적 육체적 고통으로 신음하는 이들을 당신 치유의 능력으로 고쳐주시고 그들이 모든 멍에에서 벗어나 자유로운 마음으로 주님을 섬길 수있도록 은총 주소서."
581,1, 선교사들을 위하여 기도합시다.,"주님, 예수 그리스도의 영광스러운 부활을 땅 끝까지 전하는 선교사들에게 힘과 용기를 주시어 많은 어려움에도 실망하거나 좌절하지 않고 맡은 사명에 충실하게 하소서."
582,2, 사회정의를 위하여 기도합시다.,"주님, 부정부패의 악순환으로 혼란을 거듭하는 이 사회를 주님의 정의로 깨끗하게 씻어주시어 모든 사람이 올바른 양심을 지니고 살아가게 하소서."
583,3, 질병으로 고통받는 사람들을 위하여 기도합시다.,"주님, 온갖 질병으로 고생하는 이들을 위하여 기도하오니, 그들이 부활하신 그리스도의 모습에서 희망을 찾으며 자신들의 고통을 이겨낼 수 있도록 힘과 용기를 주소서."
584,4, 실업자들을 위하여 기도합시다.,"주님, 일자리를 찾지 못하여 실의에 빠져 있는 모든 사람을 굽어보시어 자신을 실현시킬 수 있는 보람된 일터를 하루 빨리 찾 을 수 있도록 이끌어 주소서."
585,1, 교회를 위하여 기도합시다.,"주님, 부활을 기뻐하는 교회에게 새로운 생명력으로 온 세상에 복음을 증언할 수 있도록 성령의 빛을 비추어주소서."
586,2, 세계평화를 위하여 기도합시다.,"주님, 저희에게 삶을 사랑하고 아끼는 마음을 주시어 평화를 깨뜨리는 모든 죄에서 벗어나 평화로운 세상을 이루는데 힘쓰게 하소서."
587,3, 병으로 고통받는 사람들을 위하여 기도합시다.,"주님, 온갖 질병으로 고통받고 있는 사람들에게 자비를 베푸시어그가 하루빨리 나아 부활하신 그리스도를 증언하며 살아갈 수 있도록 도와주소서."
588,4, 자녀들을 위하여 기도합시다.,"주님, 저희 자녀들에게 주님의 사랑을 알게 하시어 부모의 사랑을 감사하며 밝고 건전하게 성장할 수 있도록 지혜의 은총으로채워 주소서."
589,1, 그리스도교 일치를 위하여 기도합시다.,"주님, 한 분이신 그리스도를 믿으면서도 갈라져 있는 교회와 단체들이 진정한 형제애로 하나되어 오직 하나인 그리스도의 교회를 이루게 하소서."
590,2, 진리와 자유를 지키다가 목숨을 바친 사람들을 위하여 기도합시다.,"주님, 민주주의의 참된 실현을 위하여 자신을 바친 사람들을 기억하며 기도하오니, 그들이 흘린 피와 땀이 밑거름 되어 이 땅에 주님의 정의가 이루어지도록 도와주소서."
591,3, 고아들을 위하여 기도합시다.,"주님, 아무도 돌보아줄 사람이 없는 고아들에게 주님께서 몸소 보호자가 되어주시며 그들이 희망을 잃지 않고 꿋꿋하게 살아갈 수 있도록 특별한 자비와 은총을 베푸소서."
592,4, 본당공동체를 위하여 기도합시다.,"주님, 모든 본당 공동체가 초기의 사도공동체를 본받아 사랑을 나누고 친교를 이룸으로서 주님을 찬미하게 하소서."
593,1, 교회의 지도자들을 위하여 기도합시다.,"주님, 교회의 모든 지도자들에게 지혜의 성령을 보내주시어 이 시대의 징표를 바로 알아듣고 만백성을 주님의 나라로 이끄는 참된 목자가 되게 하소서."
594,2, 사제 성소자들을 위하여 기도합시다.,"주님, 모든 사제 성소자가 교회와 세계에서 자신들을 필요로 한다는 것을 깨달아 주님의 은총을 기꺼이 받아들이고 사제의 삶을 성실히 준비하게 하소서."
595,3, 수도 성소자들을 위하여 기도합시다.,"주님, 수도 성소를 희망하는 이들에게 복음의 완전한 덕을 더욱 간절히 바라게 하시어 그리스도의 배필로서 살아갈 봉헌생활을 기꺼이 시작하게 하소서."
596,4, 우리 자신을 위하여 기도합시다.,"주님, 부활을 믿고 고백하는 저희들이 열렬한 마음으로 복음을 전파할 수 있도록 저희 마음 안에 성령의 불을 놓아주소서."
597,1, 사제들을 위하여 기도합시다.,"주님, 성직에 부름 받은 사제들이 직무를 수행하면서 자신을 깨끗이 하고 늘 새로운 마음으로 열성을 다해 사목에 힘쓰게 하소서."
598,2, 정치인들을 위하여 기도합시다.,"주님, 이 나라 정치인들에게 주님의 정의와 지혜를 주시어 그들이 하루빨리 정당만의 이익과 개인의 이기심에서 벗어나 진정으로 국민을 위하는 봉사자가 될 수 있도록 도와주소서."
599,3, 고통받는 이웃을 위하여 기도합시다.,"주님, 가난과 질병으로 고통받는 이 들에게 자비를 베풀어주시고 저희가 그들의 고통을 함께 아파하고 나눌 수 있는 좋은 이웃이 되게 하소서."
600,4, 어린이들을 위하여 기도합시다.,"주님, 나자렛 성 가정에서 어린 시절을 보낸 예수님처럼 모든 어린이가 부모에게 사랑을 받으며 그들의 동심을 순수하게 키워갈 수 있도록 도와주소서."
601,1, 교회를 위하여 기도합시다.,"주님, 주님의 교회가 생명을 바쳐 저희를 사랑하신 그리스도를 따라 폭력과 불신의 어둠 속에서도 언제나 불우한 이웃을 사랑하고 그들에게 봉사하게 하소서."
602,2, 위정자들을 위하여 기도합시다.,"주님, 이 나라 위정자들이 주어진 권력을 정의롭게 사용하여 국민을 진정으로 위하여 봉사하는데 최선을 다하게 하소서."
603,3, 그리스도를 믿지 않는 이들을 위하여 기도합시다.,"주님, 모든 사람 안에서 자유롭게 활동하시는 성령의 도움으로 그리스도를 믿지 않는 이들도 새롭게 태어나는 세례의 은총을 얻게 하소서."
604,4, 부모님들을 위하여 기도합시다.,"주님, 저희 부모의 노고와 깊은 사랑에 감사하며 청하오니, 그들이 남은 삶을 건강하고 평안하게 보내게 하시며 이미 세상을 떠난 어버이들에게는 영원한 생명을 주소서."
605,1, 북한교회를 위하여 기도합시다.,"주님, 성사의 은총을 받을 수 없는 상황에서도 신앙을 잃지 않고 살아가는 북한교회의 형제들에게 복을 내려주시고 그들의 믿음이 날로 성장하여 더욱 굳건해지게 하소서."
606,2, 그리스도인들을 위하여 기도합시다.,"주님, 주님께 감사와 찬미를 드리는 모든 그리스도인이주님을 사랑하고 이웃을 위하여 몸바칠 수 있도록 은총을 주소서."
607,3, 언론계에 종사하는 사람들을 위하여 기도합시다.,"주님, 언론계에 종사하는 모든 사람에게 진리의 성령을 보내주시어 개인의 이해 타산에서 벗어나 그 고유한 사명에 맞갖게 응답하게 하소서."
608,4, 교육자들을 위하여 기도합시다.,"주님, 모든 교육자를 이끌어 주시어 그들이 학생들의 바른 인격과 가치관 형성에 많은 도움을 줄 수 있도록 사랑과 지혜를 주소서."
609,1, 교회를 위하여 기도합시다.,"주님, 세상을 새롭게 바꾸시는 성령의 능력에 힘입어 교회가 끊임없이 새로워지며, 부활하신 그리스도를 널리 선포하게 하소서."
610,2, 선교사들을 위하여 기도합시다.,"주님, 이 세상의 끝까지 참된 해방과 구원의 복음을 선포할 사명을 충실히 따르는 선교사들이 선교지에서 겪는 모든 박해와 고통을 이겨내고 부활하신 주님의 증인이 되게 하소서."
611,3, 온갖 고통에 시달리는 사람들을 위하여 기도합시다.,"주님, 정신적 육체적 고통으로 신음하는 이들을 돌보시어 그들이 모든 고통에서 벗어나 자유로운 마음으로 주님을 섬길 수 있도록 은총 주소서."
612,4, 본당공동체를 위하여 기도합시다.,"주님, 예루살렘 다락방에 모인 제자들에게 주신 성령을 저희 본당 공동체에도 주시어 서로 친교를 나누고 봉사하는 일에 몸 바치게 하소서."
613,1, 교황님을 위하여 기도합시다.,"주님, 거짓으로 가득 찬 이 세상에서 진리의 빛을 밝히고 교회의 가르침을 선포하는 교황에게 일치의 성령을 보내시어 성삼의 사랑 안에서 언제나 주님의 뜻을 따르게 하소서."
614,2, 세계평화를 위하여 기도합시다.,"주님, 폭력으로 고통 당하고 있는 많은 민족들을 돌보아 주시고 국가사이의 문제가 무력으로 해결되지 않음을 깨달아 분쟁에 시달리는 모든 사람이 평화의 길을 걷게 하소서."
615,3, 농민들을 위하여 기도합시다.,"주님, 온갖 어려움에도 꿋꿋이 농촌을 지키는 농민들에게 복을 주시고 저희의 생명을 보존하고 땅을 살리는 그들이 수고한 만큼 정당한 대가를 받게 하소서."
616,4, 젊은이들을 위하여 기도합시다.,"주님, 무한한 창조의 가능성을 지닌 젊은이들을 보살펴 주시고 그들이 어떠한 어려움에서도 희망을 잃지 않고 활기차게 살아갈 수 있도록 도와주소서."
617,1, 교회를 위하여 기도합시다.,"주님, 주님을 기념하여 성체성사를 거행하는 교회가 복음전파에 힘쓰게 하시어 이 세상 모든 사람을 주님의 식탁에 함께 하게 하소서."
618,2, 첫영성체한 어린이들을 위하여 기도합시다.,"주님, 첫 영성체를 한 어린이들을 축복하시고 그들 안에 심어놓으신 순수한 믿음이 아름답게 커 나갈 수 있도록 이끌어 주소서."
619,3, 난치병으로 고통받고 있는 이들을 위하여 기도합시다.,"주님, 인간의 나약함으로 병으로 말미암은 고통을 인내하지 못하는 환자들을 너그러이 보시어 그들의 고통이 헛되지 않도록 은총으로 채우시어 고통이 주님 안에서 성화되어 구원의 한 몫이 되게 하소서."
620,4, 조국을 지키기 위하여 목숨을 바친 사람들을 위하여 기도합시다.,"주님, 조국의 평화를 위해 소중한 목숨을 바친 모든 사람의 영혼을 주님 나라에 불러 주시고 생명을 바치는 교회를 위하여 사랑의 고귀한 가치를 모든 이가 배우게 하소서."
621,1, 그리스도교 일치를 위하여 기도합시다.,"주님, 같은 믿음 안에서 세례를 받고도 갈라져 나간 형제들을 이끌어 주시어 모든 이가 사랑과 진리 안에서 일치의 길을 찾아 한 분이신 주님을 한마음으로 섬기게 하소서."
622,2, 선교사들을 위하여 기도합시다.,"주님, 복음을 전하기 위해 온 세상에 파견된모든 선교사가 주님께서 주시는 힘과 용기로 지치지 않게 하시고 그들이 만나는 모든 이를 주님의 나라로 이끌게 하소서."
623,3, 정의를 실천하다가 고통받는 사람들을 위하여 기도합시다.,"주님, 옳은 일을 하다가 박해받는 사람들을 몸소 위로하여 주시고 그들이 어떠한 어려움에도 굽히지 않고 꿋꿋하게 살아갈 수 있도록 힘과 용기를 주소서."
624,4, 어린이들을 위하여 기도합시다.,"주님, 어린이들을 특별히 사랑하시는 주님, 그들이 건강한 몸과 마음으로 주님께 찬미와 감사를 드리며 자랄 수 있도록 보살펴주소서."
625,1, 교황님을 위하여 기도합시다.,"주님, 평화의 사도로서 온 세상에 구원의 복음을 전하는 교황 요한 바오로 2세에게 지혜와 건강을 주시며 주님께서 맡기신 사명을 충실히 수행하게 하소서."
626,2, 세계지도자들을 위하여 기도합시다.,"주님, 전세계 지도자들이 주님 진리의 빛을 받아 자기나라 이익 추구와 경제 정책을 버리고 가진 것을 서로 나눔으로써 정의와 평화의 세계를 이루는데 노력하게 하소서."
627,3, 가정을 위하여 기도합시다.,"주님, 주님께서 성가정을 통하여 가정생활의 모범을 보여주셨으니 저희가정도 서로 존경하고 사랑하며 화목한 가운데 주님의 사랑 받는 공동체가되게 하소서."
628,4, 청소년들을 위하여 기도합시다.,"주님, 청소년들이 배움의 터전인 학교에서 참된 인격을 다지며 자신을 키워가도록 함께 하여 주소서."
629,1, 교회를 위하여 기도합시다.,"주님, 부활하신 그리스도의 성령을 세상 곳곳에 보내주신 주님, 모든 교회가 부활하신 그리스도를 널리 전하는데 최선을 다하게 하소서."
630,2, 입법자들을 위하여 기도합시다.,"주님, 입법들이 주님의 뜻에 어긋나지 않고 국민을 위한 법을 제정할 수 있도록 그들의 마음을 주님의 지혜와 사랑으로 채워 주소서."
631,3, 의료인들을 위하여 기도합시다.,"주님, 의료인들이 그리스도를 닮아 생명을 소중히 여기고 병자들에게 기쁘게 봉사하게 하소서."
632,4, 가난한 이웃을 위하여 기도합시다.,"주님, 저희가 가난한 이웃 안에 살아 계시는 그리스도를 느끼면서 그들과 함께 어려움을 나누게 하소서."
633,1, 아시아 교회를 위하여 기도합시다.,"주님, 하느님 나라의 기쁜 소식을 선포하는 교회가 작은 겨자씨의 역할을 충실히 함으로서 이 세상에서 하느님 나라의 신비를 드러내게 하시며, 특히 아시아 지역에 뿌려진 복음의 씨앗이 풍성한 열매를 거두게 하소서."
634,2, 세계평화를 위하여 기도합시다.,"주님, 진정한 평화를 바라는 저희를 굽어보시어 온 세상에 예수 그리스도의 평화를 주시며 모든 이가 하나된 마음으로 주님의 평화를 누리게 하소서."
635,3, 폭력으로 고통받고 있는 이들을 위하여 기도합시다.,"주님, 폭력으로 고통받는 사람들이 하루빨리 고통에서 벗어나 기쁜 마음으로 주님을 찬미하게 하시고 온 인류가 주님께서 창조하신 인간생명을 소중히 여겨 다시는 이 땅에 폭력이 일어나지 않도록 도와주소서."
636,4, 농민들을 위하여 기도합시다.,"주님, 하느님께서 창조하신 자연이 생명을 더하고 풍성하게 자랄 수 있도록 돌보아 주심에 감사하며 청하오니, 저희에게 부족한 농촌 일손을 해결할 수 있는 사랑과 봉사의 마음을 주소서."
637,1, 사제들을 위하여 기도합시다.,"주님, 하느님 백성의 봉사자인 사제들이 불안한 현대 세계에, 믿음과 사랑과 희망의 복음을 성실히 전하며 주님의 사랑을 몸소 보여주게 하소서."
638,2, 세계평화를 위하여 기도합시다.,"주님, 하느님께서 손수 창조하신 세상이 서로 화합하지 못하고 갈라지고 있으니 이 세상이 주님께서 보시기에 좋은 본래의 모습을 되찾아 평화로운 곳이 되도록 도와주소서."
639,3, 고통받는 이들을 위하여 기도합시다.,"주님, 고통받고 있는 모든 사람이 그리스도의 사랑과 위로로 희망을 갖게 하시고 그들을 돌보는 사람들에게도 지칠 줄 모르는 사랑의 힘을 주소서."
640,4, 본당가족들의 일치를 위하여 기도합시다.,"주님, 저희 본당의 모든 신자가 한 형제 되어 서로 마음을 나누며 이웃에게 그리스도의 사랑을 보여주는 믿음의 공동체가 되게 하소서."
641,1, 교황님을 위하여 기도합시다.,"주님, 영원한 목자이신 주님께서 교황을 몸소 보호하여 주시고 완전한 덕으로 이끌어 주시어 주님의 충실한 벗이 되게 하소서."
642,2, 사제들을 위하여 기도합시다.,"주님, 모든 사제가 언제나 주님 사랑 안에 머물게 하시고 복음과 하느님 나라를 위하여 기꺼이 자기 자신을 바치게 하소서."
643,3, 그리스도를 믿지 않는 이들을 위하여 기도합시다.,"주님, 주님께서는 모든 사람이 하느님 나라에 들어가기를 바라시니, 많은 이가 참된 구원의 종교를 찾게 하시고 진리의 빛을 발견하게 하소서."
644,4, 우리자신을 위하여 기도합시다.,"주님, 저희 마음에 신앙의 열정을 더해 주시어 교회전례에 더욱 능동적으로 참여하며 주님께서 초대하시는 식탁에 기쁜 마음으로 나아가게 하소서."
645,1, 교회를 위하여 기도합시다.,"주님, 교회가 개인뿐만 아니라 각 나라 국민들과도 더욱 더 굳게 맺어짐으로서 이 세상 모든 사람의 인권과 인간의 존엄성을보호하고 증진시키는 데에 앞장서게 하소서."
646,2, 수도공동체를 위하여 기도합시다.,"주님, 수도공동체들이 그들의 고유한 소명에 충실하며 새로운 열정으로 봉사하도록 이끌어 주소서."
647,3, 알려지지 않은 순교자들을 위하여 기도합시다.,"주님, 그리스도의 사랑을 알리기 위하여 목숨까지 바친 알려지지 않은 이가 하늘나라에서 주님과 함께 영광을 누리게 하시고 저희는 그들의 믿음을 본받게 하소서."
648,4, 고통받는 사람들을 위하여 기도합시다.,"주님, 고통을 겪는 모든 이가 주님께서 주시는 위로의 힘으로 자신의 고통을 기꺼이 참아 내게 하시어 주님께서 이루시려는 구원의 길에 참여하게 하소서."
649,1, 선교사들을 위하여 기도합시다.,"주님, 조국과 가정을 떠나 선교지에서 봉사하는 이들에게 주님 몸소 위로자가 되어주시고 그들이 뿌린 복음의 씨앗들이 잘 자랄 수 있도록 돌보아주소서."
650,2, 위정자들을 위하여 기도합시다.,"주님, 모든 위정자가 자신만의 욕심을 버리고 진정으로 국민을 위하는 정치를 하게 하시며 세계의 복지와 평화를 위해서도 몸바치게 하소서."
651,3, 입법자들을 위하여 기도합시다.,"주님, 법을 만드는 입법자들에게 지혜의 성령을 보내주시어 그들이 인간의 존엄성을 지키고 민주 발전에 이바지하게 하소서."
652,4, 가난한 이웃을 위하여 기도합시다.,"주님, 저희가 가진 것을 나눔으로써 성찬의 신비를 체험하게 하시고 사랑으로 가난한 이웃들을 돌보게 하소서."
653,1, 교황님을 위하여 기도합시다.,"주님, 교회의 최고 목자인 교황에게 지혜와 건강을 주시어, 주님의 사랑과 평화를 온 세상에 알리게 하소서."
654,2, 세계 평화를 위하여 기도합시다.,"주님, 온 인류가 평화의 임금이신 주님을 경배하며 끈임 없이 노력하여 참된 평화를 이루게 하소서."
655,3, 우리나라를 위하여 기도합시다.,"주님, 각가지 공해와 가치관의 혼란 때문에 어려움을 겪고 있는 이 나라에 자비를 베푸시어 저희민족 고유의 소박한 마음과 성실한 생활자세를 되찾을 수 있도록 도와주소서."
656,4, 입법자들을 위하여 기도합시다.,"주님, 저희를 주님의 자비와 사랑의 법으로 다스리심에 감사드리며 청하오니, 입법자들에게 주님의 지혜를 주시어 그들이 다른 것에 앞서 인간 존엄을 생각하여 올바른 법을 만들게 하소서."
657,1, 교회를 위하여 기도합시다.,"주님, 교회가 주님의 계명을 충실히 지키게 하시어 모든 사람이 성찬의 식탁에서 받은 은혜를 가난한 이웃들과 기꺼이 나누게 하소서."
658,2, 사제를 위하여 기도합시다.,"주님, 모든 사제가 그리스도께서 주시는 은총을 풍부히 받아 세상 마칠 때까지 인류를 위한 주님의 구원사업을 다하게 하소서."
659,3, 주일학교 교사들을 위하여 기도합시다.,"주님, 학생들에게 주님의 말씀을 가르치는 주일학교 교사들이 주님의 은총으로 성실히 자신의 임무를 다하고 말과 행동으로 학생들의 모범이 되게 하소서."
660,4, 군인들을 위하여 기도합시다.,"주님, 국가의 평화와 질서 위하여 국방의무를 수행하는 군인들에게 용감한 마음을 주시어 모든 국민을 보호하는 성실한 파수꾼이 되게 하소서."
661,1, 교회를 위하여 기도합시다.,"주님, 그리스도의 몸과 피를 먹고 마시는 교회가 성체성사의 신비를 더욱 충실히 알리며 세상에 생명을 주는 음식이 되게 하소서."
662,2, 세계평화를 위하여 기도합시다.,"주님, 온 인류의 마음속에 주님의 평화를 주시어 평화를 해치는 악의 요소를 멀리하고 전쟁과 분쟁을 평화로이 해결할 수 있도록 도와주소서."
663,3, 장애인들을 위하여 기도합시다.,"주님, 몸과 정신의 장애로 어려움을 겪고 있는 이들을 주님께서 몸소 돌보아 주시고 그들에게 봉사자와 은인들을 보내 주시어 재활의 의지를 가지고 힘차게 살아가게 하소서."
664,4, 교회의 봉사자들을 위하여 기도합시다.,"주님, 주님께서 주신 선물을 교회 안에서 서로 나눌 때 더욱 풍성하게 만들어 주심에 감사하며 청하오니, 교회의 봉사자들이 믿음의 공동체를 통하여 오시는 그리스도를 더욱 충실히 섬기게 하소서."
665,1, 선교사들을 위하여 기도합시다.,"주님, 세상 끝까지 구원의 해방과 기쁜 소식을 전하는 선교사들의 열정이 식지 않도록 지켜 주시고 그들에게 지치지 않는 힘을 주소서."
666,2, 위정자들을 위하여 기도합시다.,"주님, 위정자들에게 사람을 사랑하는 마음을 주시어, 물질문화의 번영보다는 참된 인간 존엄성을 지키는데 힘쓰게 하소서."
667,3, 굶주림으로 고통받는 이들을 위하여 기도합시다.,"주님, 아직도 먹을 것이 없어 굶주리고 있는 이들이 많사오니 저희 마음을 열어주시어 저희가 가진 것을 그들과 기쁜 마음으로 나눔으로서 저희의 이기심 때문에 굶주리는 형제들이 없게 하소서."
668,4, 농민들을 위하여 기도합시다.,"주님, 농민들을 축복하여 주시고 무더위 속에서도 묵묵히 땀 흘리는 그들의 수고가 소중한 열매를 맺을 수 있도록 도와주소서."
669,1, 사제들을 위하여 기도합시다.,"주님, 하느님 백성의 구원을 위하여 몸 바치는 사제들을 축복하여 주시고 그들이 그리스도께서 맡기신 양떼를 끝까지 돌보는 그리스도의 충실한 벗이 되게 하소서."
670,2, 우리나라의 평화통일을 위하여 기도합시다.,"주님, 국토분단과 정치적 불안으로 고통받는 이 나라에 자비를 베푸시어 저희의 고난의 역사에서 이 민족을 이끌어 주신 주님의 도움으로 어려움을 이기고 평화통일을 이루게 하소서."
671,3, 대중 선교매체를 위하여 기도합시다.,"주님, 그리스도인들이 복음을 전하는데 대중매체를 적절히 이용하게 하시고 많은 사람이 복음을 받아들이게 하소서."
672,4, 노동자들을 위하여 기도합시다.,"주님, 땀 흘려 일하는 노동자들에게 언제나 알 맞는 일거리를 주시고 그들이 자신의 수고와 노력에 맞는 정당한 대가를 받게 하시어 직업병과 생존의 위협에 시달리는 일이 없게 하소서."
673,1, 교황님을 위하여 기도합시다.,"주님, 하느님 백성을 다스리는 교황 요한 바오로 2세를 위하여 기도하오니, 맡겨진 양떼들을 영원한 생명으로 이끌 수 있도록 지혜와 사랑을 주소서."
674,2, 수도자들을 위하여 기도합시다.,"주님, 주님께 초대받은 수도자들이 스스로 응답한 삶에 더욱 충실하게 하시며 가난, 정결, 순명의 복음 권고에 따라 겸손하게 살아가게 하소서."
675,3, 신혼부부를 위하여 기도합시다.,"주님, 사랑으로 새로운 공동체를 이룬 신혼부부들이 모든 어려움을 이기고 주님의 말씀을 따르면서 언제나 서로에게 충실하게 하소서."
676,4, 우리자신을 위하여 기도합시다.,"주님, 하느님의 자녀로서 특권과 영원한 생명을 보장받은 저희가 더욱 큰 믿음과 감사의 마음으로 이웃에게 사랑의 계명을 실천하게 하소서."
677,1, 하느님 백성을 위하여 기도합시다.,"주님, 순례의 길을 걷고 있는 백성이 인류역사를 통하여 다양하고 자유롭게 드러나시는 성령을 느낄 수 있게 하시어 밝은 사회를 이루는데 힘쓰게 하소서."
678,2, 세계 경제 지도자들을 위하여 기도합시다.,"주님, 세계 곳곳에서 일하는 모든 경제 지도자가 힘없고 가난한 사람들에게 관심을 기울이게 하시고 모든 사람이 골고루 잘 살수 있도록 도와주소서."
679,3, 그리스도를 믿지 않는 위하여 기도합시다.,"주님, 주님을 알면서도 외면하고 있는 사람들을 주님의 식탁으로 불러 주시어 저희와 함께 참된 신앙을 고백할 수 있게 하소서."
680,4, 우리자신을 위하여 기도합시다.,"주님, 그리스도를 믿고 그 분의 말씀에 따라 살아가는 저희가 더욱 큰 믿음과 감사의 마음으로 사랑의 계명을 실천하게 하소서."
681,1, 주교님들을 위하여 기도합시다.,"주님, 이 세상에 주님의 뜻을 알리는 주교들에게 어떠한 불의와도 타협하지 않는 지혜와 용기를 주시고 그들이 하느님 백성에게 선조 들의 순교 신앙을 충실히 전하게 하소서."
682,2, 세계 평화를 위하여 기도합시다.,"주님, 많은 사람들을 평화의 일꾼으로 불러주시어 이 세상의 모든 악이 사라지게 하시고 세상 모든 이가 주님의 평화를 누리며 살아가게 하소서."
683,3, 장애인들을 위하여 기도합시다.,"주님, 몸과 마음의 장애로 어려움을 겪고 있는 이들을 몸소 돌보시고 많은 사람의 관심과 사랑 안에서 성실하게 살아갈 수 있도록 도와주소서."
684,4, 우리자신을 위하여 기도합시다.,"주님, 순교자 성월을 맞이하는 저희가, 목숨을 바쳐 신앙을 증언한 선조 들의 뜨거운 마음을 본받아 각자의 자리에서 순교의 삶을 살게 하소서."
685,1, 사제들을 위하여 기도합시다.,"주님, 주님께서 몸소 불러주신 사제들에게 풍부한 사랑을 주시어 그들에게 맡겨진 영혼들을 잘 돌보게 하시며 어려운 이 시대가 필요로 하는 참된 목자가 되게 하소서."
686,2, 인종적 사회적 종교적 갈등을 겪고 있는 나라들을 위하여 기도합시다.,"주님, 인종적 사회적 종교적 갈등으로 혼란을 겪고 있는 모든 나라들에게 일치하고 화해할 수 있는 마음을 주시고 복음의 정신으로 이 모든 어려움을 이겨낼 수 있도록 도와주소서."
687,3, 가난한 사람들을 위하여 기도합시다.,"주님, 가난한 모든 사람이 그리스도께서 가르쳐주시는 참된 행복을 깨달아 오늘의 어려움을 이겨내며 기쁘게 살아가게 하소서."
688,4, 자연보호를 위하여 기도합시다.,"주님, 창조주이신 하느님 아버지께서 저희에게 선물로 주신 모든 것에 감사하며 청하오니, 저희가 훼손시킨 자연을 되살리고 주님께서 세우신 창조 질서를 지키는데 노력하게하소서."
689,1, 교회를 위하여 기도합시다.,"주님, 주님의 거룩한 교회가 가치관의 혼란에 빠져있는 현대인들에게 구원의 빛이 되게 하시어 모든 이가 주님의 부르심에 기꺼이 응답하게 하소서."
690,2, 사회의 지도자들을 위하여 기도합시다.,"주님, 이 사회의 지도자들이 깨끗하고 정의로운 생활로 모든 이의 모범이 되며 인간을 참으로 존중하는 민주국가를 만드는데 온 힘을 다하게 하소서."
691,3, 고통받는 사람들을 위하여 기도합시다.,"주님, 좌절과 실망으로 고통받는 사람들을 주님께서 몸소 위로하여 주시고 그들에게 새로운 힘을 주소서."
692,4, 본당공동체를 위하여 기도합시다.,"주님, 그리스도안에 한 형제인 저희 본당의 모든 신자가 사랑과 봉사의 정신으로 굳게 일치하여 그리스도를 증언하게 하소서."
693,1, 교회의 지도자를 위하여 기도합시다.,"주님, 교회의 지도자들이 인류구원을 위하여 고난을 받고 돌아가 신 그리스도를 따라 어떠한 어려움도 이겨내며 살아갈 수 있도 록 지혜와 힘을 주소서."
694,2, 우리나라를 위하여 기도합시다.,"주님, 남북으로 갈라져 살아가는 저희 민족을 돌보시어 이 나라가 하루 빨리 평화통일을 이루어 삶의 기쁨도 함께 누릴 수 있도록 도와주소서."
695,3, 선조들을 위하여 기도합시다.,"주님, 조상을 기억하는 명절을 맞아 이미 세상을 떠난 저희 선조 들을 위하여 기도하오니, 이 세상에서 희로애락을 겪던 그들이 하느님 나라에서는 영원한 평화만을 누리게 하소서."
696,4, 부모님을 위하여 기도합시다.,"주님, 온갖 정성으로 저희를 돌보시는 부모들을 위하여 간절히 기도하오니 대가를 바라지 않고 베푸는 그들의 사랑을 저희 모두 깊이 깨닫고 그 사랑을 저 버리는 말과 행동은 결코 하지 않도록 언제나 저희를 이끌어 주소서."
697,1, 교회를 위하여 기도합시다.,"주님, 주님의 교회가 성전에 봉헌되신 예수님을 본받아 겸손한 마음으로 그 분의 뜻을 충실히 따르는 세상의 빛과 소금이 되게 하소서."
698,2, 선교사들을 위하여 기도합시다.,"주님, 오직 주님의 영광을 위하여 머나먼 낯선 땅에서 어려움을 겪고 있는 선교사들을 위하여 간절히 청하오니, 그들의 수고를 자유로이 받아들이시어 그리스도의 말씀이 온 세상에 퍼지게 하소서."
699,3, 성직자와 수도자들을 위하여 기도합시다.,"주님, 몸과 마음을 오롯이 주님께 봉헌한 성직자와 수도자들이 오늘의 깊은 뜻을 되새겨 언제나 봉헌하는 삶을 살게 하시고 그들의 길을 빛과 은총으로 이끄시어 그들이 뜻한 모든 것을 주님 안에서 이룰 수 있도록 도와주소서."
700,4, 병자들을 위하여 기도합시다.,"주님, 병으로 고통을 겪는 사람들 곁에 늘 함께 하시어 그들이 주님께서 겪으신 고통을 생각하여 자신들의 괴로움을 잘 이겨 낼 수 있도록 도와주소서."
701,1, 교회를 위하여 기도합시다.,"주님, 믿음과 순명으로 구세주의 어머니가 된 마리아를 공경하며, 축일을 지내는 교회를 축복하여 주시고 교회가 마리아를 본받아 온 세상에 구원의 기쁜 소식을 알리게 하소서."
702,2, 우리나라를 위하여 기도합시다.,"주님, 온갖 시련과 고난을 겪어온 이 나라를 보살펴 주시어 모든 국민이 한마음 한 뜻으로 살아가도록 도와주시고 이 땅에 사랑과 평화가 흘러 넘치게 하소서."
703,3, 고아들을 위하여 기도합시다.,"주님, 부모 없이 세상을 살아가고 있는 아이들이 많은 어려움과 고통에도 쓰러지지 않도록 보살펴 주시고 저희 또한 그리스도 안에서 그들과 한 형제임을 깨달아 따뜻한 사랑으로 그들을 돌볼 수 있도록 도와주소서."
704,4, 부모님을 위하여 기도합시다.,"주님, 부모들을 위하여 기도하오니 그들이 자녀들의 효도로 섬김을 받으며 언제나 즐거워하고 건강한 몸과 마음으로 그리스도를 찬미하며 남은 삶을 잘 살 수 있게 하시고 이미 세상을 떠난 부모에게는 하느님 나라의 영원한 행복을 누리는 은총을 주소서."
705,1, 북한 교회를 위하여 기도합시다.,"주님, 주님을 모시지 못하는 북한의 신자들이 온전한 자유 속에서 주님을 섬길 수 있는 날이 하루 빨리 오도록 도와주소서."
706,2, 우리나라를 위하여 기도합시다.,"주님, 저희의 간절한 소망인 평화통일이 하루 빨리 이루어지게 하시어 이 땅에 진정한 평화가 오게 하소서."
707,3, 실직자들을 위하여 기도합시다.,"주님, 일자리를 잃고 방황하는 사람들을 위하여 기도하오니 그들이 하루빨리 자신에게 맞는 일자리를 찾아 가족과 함께 기쁜 마음으로 주님을 찬미할 수 있도록 도와주소서."
708,4, 우리자신을위하여 기도합시다.,"주님, 주님을 따르는 저희가 요한 세례자처럼 굳은 믿음으로 올바른 정의 수호에 앞장서는 진정한 그리스도인이 될 수 있도록 도와주소서."
709,1, 북한교회를 위하여 기도합시다.,"주님, 분단 후 지금까지 신앙의 어둠에 있는 북한교회 형제들을 돌보시어 그들이 어떠한 어려움에 부딪치더라도 믿음과 희망과 사랑으로 살아가도록 보호하여 주소서."
710,2, 민족의 화해와 일치를 위하여 기도합시다.,"주님, 분단의 슬픔을 안고 살아가는 저희 민족을 불쌍히 여기시어 하루빨리 서로 화해하고 일치하여 한 형제 되는 기쁨을 누릴 수 있도록 도와주소서."
711,3, 민족상잔의 비극으로 숨져간 사람들과 유가족들을 위하여 기도합시다.,"주님, 죽은 라자로를 살리고 위로하신 주님, 6.25 동란이라는 민족상잔의 비극으로 숨져간 사람들에게 영원한 생명을 주시고 유가족들에게는 주님의 위로를 베풀어주시며 천만 이산가족들의 아픔도 기억하시어 그들이 가족을 만날 수 있도록 도와주소서."
712,4, 한반도의 평화와 세계평화를 위하여 기도합시다.,"주님, 참된 평화의 샘이신 주님, 갈라진 민족의 통일을 간절히 바라는 저희의 기도를 들으시어 이 땅에 평화를 주시고 이것으로서 세계 평화의 새로운 희망도 싹트게 하소서."
713,1, 교황님을 위하여 기도합시다.,"주님, 교회의 최고 사도인 교황 요한 바오로 2세에게 두 사도와 같은 선교의 열정을 심어주시어 그리스도의 사랑과 평화를 온 세상에 널리 알릴 수 있도록 지혜와 건강을 주소서."
714,2, 그리스도를 모르는 위하여 기도합시다.,"주님, 아직도 그리스도를 모르고 사는 사람들이 많사오니 그들이 빨리 주님의 사랑과 진리를 깨달아 주님을 찬미할 수 있게 하시고 저희가 그들에게 복음을 전할 수 있도록 지혜와 용기를 주소서."
715,3, 정의를 실천하다가 고통받는 사람들을 위하여 기도합시다.,"주님, 옳은 일을 하다가 박해받는 사람들을 주님께서 몸소 위로 하시고 어떠한 어려움에도 그들이 뜻을 굽히지 않고 꿋꿋하게 살 아갈 수 있도록 힘과 용기를 주소서."
716,4, 어린이들을 위하여 기도합시다.,"주님, 어린이들이 건강한 몸과 마음으로 주님을 찬미하며 온전히주님 안에서 티없이 자랄 수 있도록 은총 주소서."
717,1, 교회를 위하여 기도합시다.,"주님, 그리스도의 어머니이신 마리아를 공경하며 축일을 지내는 교회에 복을 내려 주시고, 오롯한 마음으로 하느님 뜻에 순종하신 마리아를 본받아 인류구원 사업에 몸 바치게 하소서."
718,2, 광복절을 맞아 우리나라를 위하여 기도합시다.,"주님, 많은 어려움을 겪어온 저희를 저버리지 않으시고 언제나 따뜻하게 보호해 주신 마리아께 감사하며 주님께 청하오니, 저희가 간절히 바라는 평화통일이 하루빨리 이루어 질 수 있도록 자비를 베풀어주소서."
719,3, 감옥에 갇힌 이들을 위하여 기도합시다.,"주님, 감옥에 갇힌 모든 사람들이 하루 빨리 가족과 사회의 품으로 돌아올 수 있도록 자비를 베풀어주시고, 저희는 감옥에 갇혀있는 이들을 돌보는 따뜻한 이웃이 되게 하소서."
720,4, 전쟁 피해자를 위하여 기도합시다.,"주님, 전쟁으로 피해를 입어 고통받는 모든 사람을 위로하시고, 그들의 고통을 가없이 여기시어 다시는 이러한 전쟁이 일어나지 않도록 보살펴 주소서."
721,1, 교회를 위하여 기도합시다.,주님 교회가 마음의 문을 활짝 열고 영원한 생명을 주시는 주님말씀에 귀 기울일 수 있도록 도와주시고 들은 바를 실천하게하소서.
722,2, 실향민들을 위하여 기도합시다.,"주님, 민족의 가장 큰 명절인 오늘 떠나온 고향에 가지 못하는 실향민들을 위로하시고 하루 빨리 통일이 이루어져 그들이 기쁜 마음으로 고향을 찾을 수 있게 하소서."
723,3, 세상을 떠난 조상들을 위하여 기도합시다.,"주님, 후손들에게 더 나은 세상을 물려주기 위하여 온갖 어려움을 견디어내며 이 세상을 살다가 떠난 조상들을 하느님 나라의 행복으로 이끌어 주소서."
724,4, 농민들을 위하여 기도합시다.,"주님, 한해 동안 땀 흘려 일하는 농민들에게 복을 내리시어 더욱 풍성한 열매를 맺게 하시고 그들 노력에 알맞는 대가를 받을 수 있도록 도와주소서."
725,1, 교회를 위하여 기도합시다.,"주님, 지상의 나그네인 교회가 하느님 나라를 향해 나아가는 이 길에서 미리 그곳의 행복을 맛보며 즐거워하게 하소서."
726,2, 냉담자들을 위하여 기도합시다.,"주님, 주님을 알면서도 외면하며 살아가고 있는 이들이 많사오니 이들이 생명이신 주님을 바로 알아보고 주님의 품안으로 돌아올 수 있도록 도와주소서."
727,3, 병자들을 위하여 기도합시다.,"주님, 몸과 마음에 병이 들어 아파하는 이들을 위로하여 주시고 그들이 하루빨리 병을 이겨내어 건강한 모습으로 가족들과 함께 기쁜 생활을 할 수 있도록 도와주소서."
728,4, 세상을 떠난 사람들을 위하여 기도합시다.,"주님, 이미 세상을 떠난 모든 이를 위하여 특별히 청하오니 이 세상에서 저지른 그들의 잘못을 보지 마시고 하느님의 자비와 사랑으로 그들을 따뜻이 받아주시어 하느님 나라에 영원히 들게 하소서."
729,1, 사회의 지도자들을 위하여 기도합시다.,"주님, 이 사회의 지도자들이 깨끗하고 정의로운 생활로 모든 이의 모범이 될 수 있도록 언제나 어디서나 그들을 이끌어 주소서."
730,2, 스승님들을 위하여 기도합시다.,"주님, 저희를 가르치는 스승들이 바른 인격과 가치관으로 저희에게 모범을 보이게 하시고 저희는 스승의 가르침을 따라 더욱 더 바르게 살아갈 수 있도록 은총을 베풀어주소서."
731,3, 졸업생들을 위하여 기도합시다.,"주님, 학업을 마치고 사회에 첫발을 내딛는 졸업생들이 스승에게 고마워하며 배움의 터전에서 갈고 닦은 재능을 사회의 좋은 일을 위하여 쓸 수 있도록 이끌어 주소서."
732,4, 부모님들을 위하여 기도합시다.,"주님, 저희를 지금의 모습으로 키워주신 어버이께 감사하며 주님께 청하오니 언제나 건강하고 평안한 나날을 보낼 수 있도록 저희 어버이와 함께 하시고 이미 세상을 떠난 어버이에게는 하늘나라의 기쁨을 주소서."
733,1, 회갑을 맞은 ()을 위하여 기도합시다.,"주님, 성조 아브라함에게 약속하신 축복을 회갑을 맞은 ( )에게도 내리시어 가족에게 존경받고 이웃에게 사랑을 베풀며 늘 주님과 함께 살아갈 수 있도록 도와주소서."
734,2, 가정을 위하여 기도합시다.,"주님, 모든 가정이 주님을 믿으며 화목하게 지내게 하시고 늘 감사하고 기뻐하며 살아가도록 도와주소서."
735,3, 부모님들을 위하여 기도합시다.,"주님, 오늘이 있기까지 저희를 보살펴 준 아버지 어머니에게 은총을 주시어 오래도록 저희의 효도를 받으며 건강하게 살게 하시고 이미 돌아가신 부모들은 하느님 나라의 평안을 누리게 하소서."
736,4, 노인들을 위하여 기도합시다.,"주님, 모든 노인이 늘 주님을 섬기며 기쁜 마음으로 남은 삶을 살아가게 하시고 가까운 친지들의 따뜻한 보살핌으로 행복하게살 수 있도록 은총을 주소서."
737,1, 위정자들을 위하여 기도합시다.,"주님, 이 나라를 이끌어 가는 위정자들에게 주님의 사랑을 주시어, 자신의 권력유지나 이익에 빠지지 않고 국민의 아픔을 함께 하며 바른 정치를 해 나갈 수 있도록 도와주소서."
738,2, 고통받는 사람들을 위하여 기도합시다.,"주님, 여러 가지 상황 속에서 많은 억압과 고통을 받는 이들을 위해 기도하오니, 그들이 하느님 나라의 약속된 기쁨과 행복이 곧 이루어 질 것을 믿으며,모든 어려움을 이겨내게 하소서."
739,3, 평신도들을 위하여 기도합시다.,"주님, 그리스도의 말씀을 실천하며 살아가려는 평신도들과 함께 하시어 주님께 대한 믿음과 사랑을 더욱 키울 수 있도록 도와주소서."
740,4, 교리교사들을 위하여 기도합시다.,"주님, 그리스도의 말씀을 전하고 가르치는 교리교사들을 돌보아 주시어, 그들이 언제나 학생들을 사랑하며 주님의 사랑을 널리 알리는 복음의 전달자로서 그 사명을 다하게 하소서."
741,1, 군종 사제들을 위하여 기도합시다.,"주님, 주님의 말씀을 전하며 군인들을 보살피는 군종 사제들에게 주님의 용기와 지혜를 주시어 군인들을 위한 좋은 목자로서 최선을 다하게 하소서."
742,2, 우리나라를 위하여 기도합시다.,"주님, 많은 시련과 역경의 역사 속에서도 민족의 전통과 슬기를 이어온 이 나라에 복을 내리시어 이 땅에 참다운 민주화가 이루어지게 하소서."
743,3, 질병으로 고통받는 사람들을 위하여 기도합시다.,"주님, 질병으로 고통받는 사람들을 특별히 위로하여 주시고 건강하게 하시어 주님을 찬미하며 기쁘게 살아가게 하소서."
744,4, 군인들을 위하여 기도합시다.,"주님, 국방의 의무를 충실히 지키고 있는 젊은이들에게 몸과 마음의 건강을 주시고 그들이 언제나 주님의 사랑을 느끼며 살아가게 하소서."
745,1, 사제들을 위하여 기도합시다.,"주님, 그리스도께 고귀한 사명을 받은 사제들에게 지혜를 주시어 맡겨진 양떼를 하느님께 올바로 이끌 수 있게 하소서."
746,2, 위정자들을 위하여 기도합시다.,"주님, 모든 위정자에게 평화와 정의를 깨우쳐 주시어 그들이 이기심에서 벗어나 힘없고 가난한 국민의 힘이 되게 하소서."
747,3, 고통받는 이웃을 위하여 기도합시다.,"주님, 여러 가지 이유로 고통받는 이들에게 자비를 베푸시어 고통 속에서도 영광의 신비를 깨닫게 하시고, 저희가 그들의 아픔을 함께 나눌 수 있게 하소서."
748,4, 부모님들을 위하여 기도합시다.,"주님, 이 세상 부모들에게 자녀들에 대한 지극한 사랑의 마음을 주셨으니 그 마음을 언제나 간직하게 하시어 가정을 화목하게 이끌고 올바른 교육으로 자녀를 돌보게 하소서."
749,1, 교회를 위하여 기도합시다.,"주님, 교회가 생명을 바쳐 저희를 사랑하신 그리스도를 따라 폭력과 불신의 어둠 속에서도 언제나 불우한 이웃을 사랑하고 그들에게 봉사할 수 있도록 도와주소서."
750,2, 세계평화를 위하여 기도합시다.,"주님, 여러 곳에서 계속되는 민족간의 분쟁으로 이 세상에 불신과 불화가 커지고 있사오니 세상 모든 사람에게 용서와 화해의 정신을 주시어 인류공동체가 평화를 이루어 나갈 수 있도록 도와주소서."
751,3, 불우한 이웃을 위하여 기도합시다.,"주님, 아직도 저희 주위에는 가난으로 고통받고 있는 이웃들이 많사오니저희에게 나눔의 마음을 주시어 그들이 저희의 도움으로 사랑의 온기를 느끼며 살아갈 수 있도록 도와주소서."
752,4, 자연환경을 위하여 기도합시다.,"주님, 하느님께서 창조하신 대자연이 오늘날 온갖 공해로 파괴되고 있사오니 후손이게 물려줄 이 땅에 주님의 풍성한 은총을 주시어, 주님께서 창조하신 본래의 아름다운 모습을 되찾을 수 있도록 도와주소서."
753,1, 성직자들을 위하여 기도합시다.,"주님, 모든 성직자가 자신에 맡겨진 주님의 백성에게 성실히 봉사함으로서 그리스도의 뜻을 온전히 실천하게 하소서."
754,2, 세계지도자들을 위하여 기도합시다.,"주님, 전세계 지도자들의 마음을 주님 뜻에 맞게 이끄시어 인류의 일치와 평화를 위하여 봉사하게 하소서."
755,3, 장애인들을 위하여 기도합시다.,"주님, 장애인들을 위하여 기도하오니, 그들이 느끼는 고통과 소외를 주님께서 몸소 어루만져 주시고 저희가 비뚤어진 눈으로 장애인들을 바라보는 일이 없게 하소서."
756,4, 가정을 위하여 기도합시다.,"주님, 모든 가정이 주님의 사랑을 나누고 실천하는 작은 교회가 되게 하시고 그 사랑이 이웃과 사회로 이어져 마침내 세상이 사랑으로 가득 차게 하소서."
757,1, 교회를 위하여 기도합시다.,"주님, 교회가 그리스도께서 가르쳐주신 사랑의 새 계명을 실천함으로서 영적 물적으로 부족한 이 시대를 사랑의 풍요로움으로 채우게 하소서."
758,2, 세계평화를 위하여 기도합시다.,"주님, 경제적으로 부족한 국가들이 욕심을 버리고 가진 것을 나눔으로서 인류공동체에 이바지하게 하소서."
759,3, 소외된 사람들을 위하여 기도합시다.,"주님, 급속한 경제 성장과 대중문화의 발전 속에서도 정당한 대가나 문명의 혜택을 받지 못하는 이들을 위하여 기도하오니 모든 사람이 그들에게도 적극적인 관심과 사랑을 갖게 하소서."
760,4, 세상을 떠난 사람들을 위하여 기도합시다.,"주님, 저희와 함께 살다가 이 세상을 떠난 사람들이 세상에서 지은 죄를 용서받고 주님과 함께 영원한 살게 하소서."
761,1, 교황님을 위하여 기도합시다.,"주님, 하느님 백성을 돌보는 교황 요한 바오로 2세와 늘 함께 하시어 어려운 시대에 살고 있는 모든 백성을 구원으로 이끄는 참된 지도자가 될 수 있도록 그에게 지혜와 용기를 주소서."
762,2, 위정자들을 위하여 기도합시다.,"주님, 모든 위정자에게 바른 정치를 위한 참된 지혜와 분별력을 주시어 국민의 어려움을 함께 나누고 돌보는 겸허한 자세로 봉사자가 되게 하소서."
763,3, 고통받는 사람들을 위하여 기도합시다.,"주님, 정신적 육체적 고통으로 괴로워하는 사람들을 위로하시고 그들이 가족과 이웃의 따뜻한 보살핌과 이해 안에서 고통을 이겨내고 하루빨리 나을 수 있도록 돌보아 주소서."
764,4, 수험생들을 위하여 기도합시다.,"주님, 진로를 앞두고 열심히 공부한 학생들을 위하여 청하오니 그들의 수고를 굽어보시어 좋은 열매를 맺게 하소서."
765,1, 주교님을 위하여 기도합시다.,"주님, 주교들에게 복을 내리시고 언제나 양떼를 바른길로 이끌 수 있도록 지혜와 건강을 주소서."
766,2, 평신도들을 위하여 기도합시다.,"주님, 가정과 사회에서 하느님 나라를 위하여 살아가는 저희에게 복을 주시고 저희가 주님께서 주신 사제직, 예언자직, 왕직의 사명을 충실히 수행하도록 슬기와 용기를 주소서."
767,3, 질병으로 고통받는 사람들을 위하여 기도합시다.,"주님, 갖가지 질병으로 신음하고 있는 이들을 주님께서 몸소 위로하여 주시고 그들의 부르짖음과 가족들의 간절한 바람을 들으시어 빨리 낫도록 도와주소서."
768,4, 해외 교포 신자들을 위하여 기도합시다.,"주님, 조국을 떠나 언어와 생활관습이 다른 곳에서 많은 어려움을 겪으면서도 열심히 살아가는 이들에게 용기와 힘을 주시고 그들이 주님께 대한 굳음으로 열심히 살아가게 하소서."
769,1, 하느님 백성을 위하여 기도합시다.,"주님, 예수그리스도를 임금이라고 고백하는 모든 이에게 복을 내려주시고 저희가 하나되어 예수그리스도의 진리를 찾고 구하는 성실한 신앙공동체가 되게 하소서."
770,2, 우리 나라를 위하여 기도합시다.,"주님, 많은 어려움 속에서도 언제나 이 나라를 보살펴 주셨음에 감사하며 청하오니, 온 국민이 소박하고 성실한 자세로 현대의 물질만능의 유혹을 극복하고 평화롭게 살아가도록 도와주소서."
771,3, 창조질서 보존을 위하여 기도합시다.,"주님, 주님께서 창조하신 이 세상을 제대로 지키지 못하고, 훼손만 하고 있는 저희가 지금부터라도 창조의 본래 모습을 찾는 데에 정성을 다하게 하소서."
772,4, 오늘 축일을 맞은 저희 본당을위하여 기도합시다.,"주님, 오늘 주님께서 이곳에 교회를 세우신지 48년이 되었습니다. 주님의 뜻에 합당한 본당이 됨으로서 당신 사랑과 말씀을 이웃에 전하는 믿음의 본당이 되게 하시고 본당의 모든 신자들은 일치를 이루어 주님께서 하시는 모든 사업에 도구 되는 삶을 살도록 도와주소서."
773,4, 본당교육관 건립을 위하여 기도합시다.,"동강 언덕에 당신의 교회를 세우시고 우리를 불러 모아 주시어 당신의 말씀을 선포하게 하신 주님, 우리 본당의 모든 신자들이 당신의 말씀으로 늘 새로워 질수있도록 일치된 마음으로 속히 교육관을 지을 수 있도록 도와 주소서."
